Iteration,Time_us
1,2504
2,227
3,68
4,74
5,69
6,69
7,73
8,73
9,72
10,74
11,81
12,84
13,86
14,90
15,93
16,95
17,96
18,99
19,99
20,101
21,101
22,100
23,102
24,96
25,104
26,99
27,106
28,102
29,101
30,102
31,101
32,103
33,103
34,106
35,113
36,107
37,106
38,116
39,110
40,116
41,118
42,119
43,114
44,120
45,121
46,121
47,115
48,122
49,124
50,124
51,119
52,125
53,126
54,120
55,127
56,127
57,122
58,123
59,122
60,129
61,129
62,124
63,125
64,125
65,127
66,132
67,135
68,133
69,136
70,137
71,138
72,138
73,139
74,133
75,134
76,140
77,140
78,140
79,143
80,144
81,146
82,143
83,145
84,141
85,140
86,139
87,139
88,141
89,142
90,142
91,144
92,143
93,144
94,353
95,496
96,147
97,146
98,807
99,294
100,148
101,150
102,399
103,167
104,162
105,162
106,164
107,164
108,154
109,164
110,166
111,167
112,157
113,168
114,169
115,170
116,171
117,172
118,171
119,171
120,171
121,172
122,174
123,174
124,176
125,175
126,164
127,176
128,167
129,177
130,179
131,179
132,179
133,181
134,181
135,181
136,182
137,184
138,181
139,183
140,185
141,186
142,186
143,188
144,187
145,188
146,188
147,192
148,179
149,179
150,179
151,179
152,181
153,180
154,182
155,193
156,196
157,195
158,185
159,185
160,219
161,225
162,234
163,222
164,226
165,226
166,235
167,228
168,229
169,191
170,191
171,205
172,205
173,192
174,193
175,196
176,195
177,194
178,198
179,196
180,197
181,198
182,198
183,199
184,199
185,200
186,202
187,203
188,204
189,204
190,204
191,204
192,205
193,205
194,207
195,207
196,207
197,220
198,209
199,209
200,255
201,262
202,255
203,263
204,257
205,490
206,570
207,215
208,216
209,215
210,216
211,216
212,218
213,218
214,219
215,220
216,220
217,219
218,220
219,223
220,221
221,221
222,223
223,223
224,224
225,225
226,1093
227,363
228,229
229,251
230,283
231,285
232,284
233,285
234,246
235,233
236,232
237,232
238,233
239,234
240,241
241,235
242,235
243,235
244,237
245,238
246,244
247,240
248,237
249,239
250,246
251,242
252,242
253,249
254,244
255,835
256,244
257,243
258,244
259,251
260,270
261,304
262,305
263,306
264,309
265,299
266,305
267,266
268,258
269,251
270,259
271,259
272,262
273,260
274,254
275,254
276,256
277,262
278,263
279,263
280,263
281,265
282,265
283,266
284,266
285,267
286,268
287,269
288,268
289,265
290,268
291,271
292,270
293,265
294,272
295,274
296,268
297,278
298,275
299,275
300,276
301,270
302,278
303,273
304,278
305,280
306,281
307,279
308,282
309,282
310,282
311,283
312,284
313,283
314,285
315,291
316,288
317,284
318,290
319,286
320,284
321,298
322,288
323,286
324,295
325,304
326,293
327,288
328,294
329,295
330,288
331,295
332,297
333,298
334,293
335,296
336,300
337,300
338,293
339,301
340,299
341,300
342,296
343,302
344,297
345,303
346,305
347,299
348,305
349,301
350,307
351,302
352,313
353,303
354,309
355,305
356,311
357,315
358,311
359,316
360,312
361,316
362,311
363,318
364,314
365,319
366,313
367,319
368,316
369,318
370,323
371,319
372,323
373,318
374,327
375,324
376,325
377,328
378,329
379,330
380,323
381,330
382,327
383,331
384,333
385,329
386,335
387,328
388,333
389,335
390,335
391,332
392,335
393,336
394,332
395,339
396,333
397,340
398,336
399,340
400,335
401,338
402,341
403,338
404,339
405,343
406,337
407,343
408,347
409,340
410,348
411,348
412,345
413,343
414,344
415,345
416,344
417,356
418,350
419,354
420,349
421,358
422,359
423,350
424,350
425,359
426,359
427,353
428,353
429,354
430,357
431,358
432,361
433,360
434,363
435,358
436,366
437,360
438,359
439,362
440,362
441,363
442,365
443,365
444,362
445,370
446,371
447,363
448,365
449,368
450,369
451,369
452,368
453,369
454,369
455,372
456,376
457,374
458,372
459,374
460,381
461,376
462,373
463,375
464,376
465,384
466,376
467,376
468,378
469,381
470,380
471,388
472,381
473,382
474,384
475,391
476,390
477,383
478,646
479,395
480,399
481,386
482,390
483,396
484,389
485,395
486,392
487,389
488,399
489,391
490,391
491,393
492,393
493,399
494,393
495,393
496,400
497,397
498,401
499,396
500,399
501,407
502,400
503,406
504,401
505,404
506,416
507,403
508,408
509,404
510,403
511,406
512,401
513,404
514,404
515,402
516,403
517,405
518,409
519,404
520,405
521,404
522,411
523,409
524,409
525,408
526,409
527,411
528,408
529,411
530,416
531,413
532,413
533,416
534,414
535,415
536,415
537,415
538,417
539,416
540,418
541,420
542,425
543,418
544,419
545,419
546,421
547,428
548,422
549,425
550,421
551,425
552,424
553,424
554,422
555,424
556,423
557,427
558,425
559,426
560,426
561,428
562,429
563,430
564,430
565,431
566,431
567,432
568,431
569,433
570,433
571,434
572,435
573,437
574,436
575,435
576,437
577,439
578,443
579,443
580,440
581,451
582,445
583,445
584,446
585,446
586,446
587,447
588,446
589,449
590,449
591,449
592,449
593,452
594,452
595,450
596,454
597,460
598,455
599,452
600,454
601,456
602,455
603,457
604,458
605,456
606,466
607,458
608,468
609,459
610,461
611,462
612,462
613,463
614,463
615,467
616,467
617,474
618,467
619,467
620,467
621,471
622,469
623,474
624,471
625,469
626,473
627,474
628,474
629,475
630,474
631,476
632,483
633,479
634,475
635,478
636,478
637,480
638,480
639,478
640,484
641,482
642,489
643,484
644,481
645,484
646,483
647,483
648,491
649,487
650,488
651,490
652,494
653,489
654,489
655,490
656,498
657,493
658,492
659,491
660,493
661,494
662,494
663,495
664,496
665,498
666,499
667,497
668,497
669,497
670,494
671,498
672,502
673,507
674,501
675,504
676,503
677,503
678,502
679,503
680,501
681,502
682,503
683,504
684,510
685,506
686,513
687,508
688,520
689,508
690,514
691,508
692,520
693,510
694,510
695,512
696,517
697,512
698,520
699,516
700,528
701,519
702,520
703,516
704,518
705,519
706,523
707,521
708,520
709,524
710,532
711,525
712,523
713,530
714,528
715,530
716,531
717,530
718,529
719,529
720,532
721,533
722,531
723,532
724,530
725,530
726,532
727,534
728,535
729,535
730,547
731,537
732,546
733,540
734,539
735,540
736,542
737,540
738,541
739,543
740,544
741,544
742,545
743,545
744,545
745,546
746,544
747,548
748,548
749,555
750,551
751,548
752,554
753,550
754,550
755,550
756,552
757,553
758,555
759,554
760,556
761,555
762,557
763,557
764,558
765,559
766,558
767,561
768,565
769,559
770,565
771,559
772,564
773,563
774,564
775,564
776,566
777,565
778,566
779,568
780,567
781,571
782,571
783,569
784,568
785,571
786,572
787,570
788,572
789,572
790,575
791,575
792,575
793,585
794,576
795,578
796,574
797,579
798,578
799,581
800,586
801,583
802,580
803,581
804,581
805,582
806,585
807,586
808,584
809,586
810,586
811,587
812,585
813,587
814,587
815,596
816,591
817,590
818,591
819,592
820,593
821,594
822,594
823,593
824,595
825,597
826,596
827,595
828,596
829,598
830,605
831,600
832,600
833,601
834,604
835,602
836,602
837,602
838,602
839,605
840,603
841,606
842,608
843,608
844,610
845,608
846,611
847,610
848,610
849,612
850,612
851,613
852,613
853,613
854,615
855,615
856,616
857,617
858,616
859,616
860,617
861,616
862,617
863,618
864,618
865,621
866,619
867,624
868,626
869,631
870,624
871,623
872,624
873,623
874,626
875,624
876,627
877,627
878,629
879,635
880,630
881,630
882,631
883,630
884,633
885,634
886,632
887,634
888,633
889,634
890,638
891,639
892,639
893,636
894,639
895,638
896,640
897,643
898,643
899,644
900,642
901,647
902,643
903,652
904,650
905,647
906,646
907,647
908,648
909,646
910,648
911,648
912,650
913,650
914,653
915,652
916,652
917,655
918,654
919,654
920,662
921,659
922,654
923,654
924,658
925,660
926,660
927,663
928,660
929,661
930,674
931,697
932,662
933,665
934,660
935,661
936,660
937,662
938,664
939,663
940,664
941,665
942,666
943,665
944,667
945,666
946,669
947,669
948,676
949,674
950,672
951,678
952,672
953,675
954,691
955,677
956,675
957,694
958,678
959,681
960,679
961,681
962,682
963,689
964,689
965,684
966,685
967,686
968,686
969,688
970,687
971,687
972,688
973,689
974,689
975,692
976,692
977,692
978,692
979,693
980,689
981,692
982,695
983,702
984,696
985,697
986,699
987,697
988,700
989,700
990,704
991,696
992,700
993,706
994,702
995,702
996,705
997,708
998,706
999,710
1000,703
1001,706
1002,706
1003,708
1004,707
1005,710
1006,710
1007,709
1008,711
1009,712
1010,711
1011,712
1012,714
1013,712
1014,713
1015,715
1016,715
1017,715
1018,718
1019,717
1020,716
1021,724
1022,720
1023,719
1024,719
1025,720
1026,722
1027,721
1028,729
1029,723
1030,721
1031,723
1032,724
1033,725
1034,726
1035,730
1036,725
1037,726
1038,733
1039,729
1040,729
1041,731
1042,731
1043,736
1044,730
1045,734
1046,734
1047,740
1048,979
1049,741
1050,733
1051,735
1052,737
1053,737
1054,738
1055,745
1056,740
1057,740
1058,741
1059,746
1060,740
1061,744
1062,749
1063,742
1064,743
1065,746
1066,745
1067,750
1068,746
1069,748
1070,748
1071,749
1072,750
1073,757
1074,750
1075,758
1076,750
1077,755
1078,753
1079,812
1080,786
1081,756
1082,754
1083,793
1084,765
1085,765
1086,761
1087,754
1088,754
1089,756
1090,756
1091,758
1092,758
1093,760
1094,771
1095,760
1096,767
1097,761
1098,762
1099,763
1100,830
1101,763
1102,764
1103,766
1104,766
1105,766
1106,768
1107,768
1108,769
1109,775
1110,773
1111,771
1112,771
1113,771
1114,772
1115,774
1116,773
1117,774
1118,771
1119,777
1120,778
1121,780
1122,780
1123,789
1124,782
1125,784
1126,783
1127,789
1128,784
1129,790
1130,785
1131,785
1132,794
1133,788
1134,789
1135,788
1136,798
1137,794
1138,790
1139,790
1140,797
1141,792
1142,792
1143,794
1144,794
1145,793
1146,796
1147,797
1148,815
1149,799
1150,803
1151,803
1152,806
1153,802
1154,801
1155,809
1156,802
1157,809
1158,830
1159,811
1160,805
1161,808
1162,811
1163,812
1164,807
1165,806
1166,808
1167,814
1168,816
1169,810
1170,815
1171,813
1172,813
1173,819
1174,812
1175,821
1176,813
1177,829
1178,861
1179,816
1180,816
1181,824
1182,819
1183,821
1184,819
1185,821
1186,820
1187,821
1188,820
1189,834
1190,836
1191,989
1192,1005
1193,1368
1194,834
1195,829
1196,825
1197,1500
1198,1397
1199,995
1200,899
1201,827
1202,858
1203,834
1204,836
1205,1539
1206,843
1207,964
1208,963
1209,1324
1210,833
1211,845
1212,832
1213,834
1214,1221
1215,1456
1216,910
1217,836
1218,850
1219,838
1220,849
1221,840
1222,1351
1223,852
1224,1547
1225,935
1226,842
1227,843
1228,843
1229,843
1230,845
1231,896
1232,848
1233,1006
1234,954
1235,1395
1236,861
1237,848
1238,849
1239,1352
1240,864
1241,982
1242,939
1243,855
1244,865
1245,853
1246,854
1247,867
1248,857
1249,858
1250,913
1251,1037
1252,960
1253,860
1254,861
1255,861
1256,862
1257,877
1258,877
1259,875
1260,874
1261,863
1262,2153
1263,870
1264,865
1265,867
1266,2255
1267,1273
1268,870
1269,869
1270,870
1271,875
1272,873
1273,1761
1274,1015
1275,1054
1276,932
1277,877
1278,875
1279,876
1280,877
1281,1953
1282,1028
1283,1046
1284,891
1285,887
1286,884
1287,881
1288,1758
1289,1356
1290,1065
1291,910
1292,885
1293,885
1294,886
1295,887
1296,1417
1297,1398
1298,1072
1299,1029
1300,893
1301,898
1302,900
1303,901
1304,1636
1305,1491
1306,1073
1307,899
1308,899
1309,894
1310,894
1311,1432
1312,936
1313,943
1314,1079
1315,903
1316,905
1317,900
1318,900
1319,901
1320,1415
1321,1437
1322,1096
1323,989
1324,947
1325,905
1326,905
1327,1406
1328,1345
1329,1020
1330,1078
1331,914
1332,915
1333,916
1334,910
1335,1625
1336,1399
1337,1104
1338,974
1339,914
1340,913
1341,915
1342,915
1343,1887
1344,979
1345,1166
1346,995
1347,917
1348,919
1349,919
1350,1437
1351,1397
1352,1052
1353,1050
1354,922
1355,921
1356,923
1357,925
1358,1440
1359,1417
1360,1041
1361,1120
1362,928
1363,929
1364,929
1365,1380
1366,1394
1367,1023
1368,1127
1369,981
1370,933
1371,934
1372,934
1373,1668
1374,974
1375,1071
1376,1071
1377,937
1378,937
1379,938
1380,939
1381,1640
1382,979
1383,1123
1384,981
1385,941
1386,942
1387,943
1388,945
1389,1710
1390,983
1391,1149
1392,1055
1393,947
1394,948
1395,949
1396,1464
1397,1419
1398,1099
1399,1076
1400,952
1401,952
1402,951
1403,953
1404,1738
1405,975
1406,1152
1407,955
1408,955
1409,957
1410,959
1411,1487
1412,1435
1413,1114
1414,1147
1415,962
1416,962
1417,963
1418,962
1419,1757
1420,1007
1421,1171
1422,987
1423,973
1424,965
1425,966
1426,1490
1427,1009
1428,1065
1429,1082
1430,970
1431,1004
1432,971
1433,971
1434,1699
1435,1013
1436,1177
1437,1106
1438,975
1439,974
1440,975
1441,1528
1442,1017
1443,1050
1444,1173
1445,980
1446,981
1447,982
1448,981
1449,1694
1450,1525
1451,1123
1452,985
1453,985
1454,986
1455,985
1456,1532
1457,1024
1458,1148
1459,1169
1460,988
1461,990
1462,991
1463,1504
1464,1466
1465,1135
1466,1130
1467,993
1468,995
1469,995
1470,1486
1471,996
1472,1592
1473,1204
1474,1069
1475,997
1476,998
1477,1481
1478,1511
1479,1117
1480,1211
1481,1001
1482,1004
1483,1004
1484,1474
1485,1511
1486,1096
1487,1171
1488,1007
1489,1007
1490,1009
1491,1008
1492,1731
1493,1096
1494,1227
1495,1124
1496,1010
1497,1012
1498,1014
1499,1809
1500,1334
1501,1232
1502,1028
1503,1021
1504,1015
1505,1493
1506,1263
1507,1082
1508,1219
1509,1025
1510,1020
1511,1027
1512,1028
1513,2013
1514,1102
1515,1237
1516,1116
1517,1023
1518,1026
1519,1026
1520,1845
1521,1135
1522,1241
1523,1047
1524,1029
1525,1044
1526,1043
1527,1964
1528,1201
1529,1159
1530,1033
1531,1033
1532,1035
1533,1566
1534,1531
1535,1234
1536,1239
1537,1037
1538,1038
1539,1038
1540,1769
1541,1664
1542,1256
1543,1052
1544,1051
1545,1053
1546,1054
1547,1043
1548,2270
1549,1075
1550,1749
1551,1059
1552,1047
1553,2004
1554,1193
1555,1122
1556,1050
1557,1050
1558,1049
1559,1063
1560,1051
1561,1630
1562,1272
1563,1081
1564,1060
1565,1060
1566,2190
1567,1214
1568,1281
1569,1100
1570,1057
1571,1064
1572,1969
1573,1526
1574,1213
1575,1280
1576,1061
1577,1062
1578,1062
1579,2377
1580,1202
1581,1281
1582,1065
1583,1066
1584,1066
1585,1872
1586,1114
1587,1312
1588,1140
1589,1069
1590,1070
1591,1072
1592,2208
1593,1183
1594,1296
1595,1150
1596,1075
1597,1074
1598,1865
1599,1115
1600,1272
1601,1232
1602,1077
1603,1078
1604,1485
1605,1081
1606,1626
1607,1297
1608,1088
1609,1083
1610,1084
1611,1720
1612,1567
1613,1277
1614,1106
1615,1087
1616,1092
1617,1656
1618,1129
1619,1088
1620,1308
1621,1201
1622,1090
1623,1091
1624,1493
1625,1584
1626,1191
1627,1270
1628,1095
1629,1095
1630,1717
1631,1369
1632,1098
1633,1304
1634,1105
1635,1101
1636,1101
1637,1678
1638,1407
1639,1200
1640,1344
1641,1132
1642,1108
1643,1638
1644,1658
1645,1135
1646,1343
1647,1158
1648,1108
1649,1108
1650,1874
1651,1146
1652,1254
1653,1186
1654,1111
1655,1111
1656,1640
1657,1614
1658,1175
1659,1346
1660,1156
1661,1117
1662,1577
1663,1147
1664,1636
1665,1347
1666,1152
1667,1120
1668,1128
1669,1865
1670,1121
1671,1228
1672,1228
1673,1124
1674,1122
1675,1462
1676,1126
1677,1602
1678,1355
1679,1227
1680,1126
1681,1129
1682,1896
1683,1131
1684,1268
1685,1276
1686,1134
1687,1134
1688,1663
1689,1677
1690,1231
1691,1260
1692,1135
1693,1135
1694,1136
1695,1800
1696,1705
1697,1375
1698,1167
1699,1145
1700,1630
1701,1646
1702,1171
1703,1378
1704,1148
1705,1148
1706,1144
1707,2125
1708,1170
1709,1376
1710,1287
1711,1146
1712,1147
1713,1937
1714,1149
1715,1322
1716,1304
1717,1150
1718,1151
1719,1668
1720,1687
1721,1332
1722,1253
1723,1159
1724,1159
1725,1914
1726,1706
1727,1364
1728,1334
1729,1159
1730,1158
1731,1918
1732,1161
1733,1320
1734,1341
1735,1166
1736,1167
1737,1784
1738,1690
1739,1357
1740,1243
1741,1169
1742,1168
1743,1939
1744,1664
1745,1401
1746,1322
1747,1168
1748,1864
1749,1685
1750,1234
1751,1417
1752,1195
1753,1172
1754,1174
1755,1173
1756,1185
1757,1188
1758,1188
1759,2535
1760,1189
1761,1190
1762,1192
1763,1312
1764,1438
1765,1195
1766,2411
1767,1691
1768,1206
1769,1199
1770,1205
1771,1205
1772,3120
1773,1455
1774,2097
1775,1207
1776,1200
1777,1198
1778,1201
1779,1190
1780,1413
1781,1817
1782,2536
1783,1696
1784,1261
1785,1440
1786,1199
1787,2388
1788,1207
1789,1208
1790,1353
1791,1302
1792,1210
1793,1998
1794,1211
1795,1202
1796,1568
1797,1884
1798,1914
1799,1404
1800,1231
1801,1309
1802,1448
1803,1205
1804,1659
1805,1220
1806,1715
1807,1336
1808,1367
1809,1676
1810,1210
1811,1208
1812,1731
1813,1387
1814,1415
1815,1686
1816,1213
1817,1720
1818,1218
1819,1528
1820,1282
1821,1670
1822,1262
1823,1745
1824,1292
1825,1424
1826,1217
1827,1667
1828,1235
1829,1730
1830,1347
1831,1474
1832,1611
1833,1253
1834,1224
1835,1708
1836,1396
1837,1366
1838,1591
1839,1253
1840,1747
1841,1231
1842,1466
1843,1254
1844,1590
1845,1241
1846,1712
1847,1256
1848,1489
1849,1644
1850,1245
1851,1233
1852,1727
1853,1322
1854,1477
1855,1585
1856,1249
1857,1236
1858,1732
1859,1417
1860,1357
1861,1568
1862,1253
1863,1525
1864,1254
1865,1381
1866,1474
1867,1594
1868,1294
1869,1436
1870,1269
1871,1414
1872,1394
1873,1606
1874,1259
1875,1752
1876,1262
1877,1489
1878,1272
1879,1575
1880,1264
1881,1764
1882,1342
1883,1515
1884,1666
1885,1269
1886,1257
1887,1745
1888,1401
1889,1430
1890,1626
1891,1276
1892,1260
1893,1259
1894,1386
1895,1386
1896,1605
1897,1275
1898,1264
1899,1265
1900,1361
1901,1534
1902,1591
1903,1277
1904,1268
1905,1268
1906,1367
1907,1483
1908,1628
1909,1283
1910,1271
1911,1274
1912,1377
1913,1435
1914,1621
1915,1319
1916,1278
1917,1279
1918,1371
1919,1547
1920,1678
1921,1405
1922,1279
1923,1281
1924,1429
1925,1454
1926,1619
1927,1292
1928,1284
1929,1284
1930,1437
1931,1386
1932,1628
1933,1334
1934,1288
1935,1292
1936,1448
1937,1506
1938,1635
1939,1295
1940,1295
1941,1293
1942,1494
1943,1424
1944,1637
1945,1336
1946,1298
1947,1298
1948,1546
1949,1325
1950,1301
1951,1313
1952,1301
1953,1310
1954,1301
1955,1301
1956,1314
1957,1993
1958,1320
1959,1302
1960,1519
1961,1396
1962,1698
1963,1320
1964,1305
1965,1307
1966,1557
1967,1682
1968,1319
1969,1485
1970,1308
1971,1382
1972,1583
1973,1759
1974,1322
1975,1314
1976,1312
1977,1461
1978,1487
1979,1625
1980,1327
1981,1316
1982,1318
1983,1514
1984,1390
1985,1612
1986,1356
1987,1322
1988,1333
1989,1542
1990,1467
1991,1382
1992,1338
1993,1329
1994,1328
1995,1567
1996,1834
1997,1345
1998,1328
1999,1330
2000,1389
2001,1541
2002,1653
2003,1377
2004,1334
2005,1334
2006,1458
2007,1583
2008,1678
2009,1382
2010,1338
2011,1339
2012,1651
2013,1697
2014,1353
2015,1339
2016,1339
2017,1368
2018,1584
2019,1663
2020,1357
2021,1344
2022,1346
2023,1476
2024,1623
2025,2387
2026,1362
2027,1345
2028,1415
2029,1595
2030,1347
2031,1358
2032,1349
2033,1352
2034,1353
2035,1353
2036,1356
2037,1356
2038,1354
2039,1511
2040,1356
2041,1356
2042,1360
2043,1358
2044,1365
2045,1372
2046,1362
2047,1362
2048,1362
2049,1373
2050,1362
2051,1466
2052,1375
2053,1362
2054,1364
2055,1367
2056,1364
2057,1366
2058,1377
2059,1374
2060,1369
2061,1367
2062,1371
2063,1371
2064,1373
2065,1384
2066,1374
2067,1601
2068,1374
2069,1373
2070,1376
2071,1383
2072,1378
2073,1377
2074,1378
2075,1384
2076,1379
2077,1386
2078,1580
2079,1379
2080,1383
2081,1381
2082,1382
2083,1383
2084,1386
2085,1384
2086,1385
2087,1385
2088,1384
2089,1384
2090,1395
2091,1387
2092,1387
2093,1386
2094,1391
2095,1390
2096,1391
2097,1392
2098,1392
2099,1392
2100,1394
2101,1397
2102,1401
2103,1395
2104,1395
2105,1401
2106,1397
2107,1398
2108,1397
2109,1399
2110,1400
2111,1398
2112,1411
2113,1426
2114,1403
2115,1403
2116,1402
2117,1404
2118,1405
2119,1404
2120,1404
2121,1406
2122,1406
2123,1407
2124,1409
2125,1410
2126,1410
2127,1419
2128,1412
2129,1412
2130,1413
2131,1411
2132,1415
2133,1414
2134,1416
2135,1414
2136,1416
2137,1416
2138,1424
2139,1418
2140,1417
2141,1418
2142,1420
2143,1434
2144,1422
2145,1423
2146,1432
2147,1423
2148,1421
2149,1424
2150,1424
2151,1425
2152,1427
2153,1428
2154,1429
2155,1428
2156,1428
2157,1427
2158,1430
2159,1432
2160,1434
2161,1431
2162,1430
2163,1433
2164,1435
2165,1434
2166,1435
2167,1437
2168,1448
2169,1440
2170,1441
2171,1440
2172,1441
2173,1440
2174,1450
2175,1440
2176,1441
2177,1442
2178,1441
2179,1443
2180,2367
2181,1467
2182,1442
2183,1443
2184,1445
2185,1443
2186,1442
2187,1446
2188,1547
2189,1660
2190,1450
2191,1450
2192,1452
2193,1451
2194,1454
2195,1453
2196,1456
2197,1456
2198,1454
2199,1459
2200,1454
2201,1456
2202,1455
2203,1459
2204,1460
2205,1462
2206,1461
2207,1459
2208,1461
2209,1461
2210,1472
2211,1463
2212,1466
2213,1467
2214,1465
2215,1464
2216,1465
2217,1469
2218,1480
2219,1470
2220,1469
2221,1478
2222,1478
2223,1470
2224,1484
2225,1472
2226,1470
2227,1473
2228,1474
2229,1475
2230,1477
2231,1476
2232,1483
2233,1476
2234,1478
2235,1480
2236,1481
2237,1479
2238,1481
2239,1479
2240,1482
2241,1480
2242,1482
2243,1484
2244,1482
2245,1485
2246,1486
2247,1486
2248,1487
2249,1489
2250,1487
2251,1490
2252,1489
2253,1491
2254,1491
2255,1497
2256,1496
2257,1492
2258,1492
2259,1494
2260,1495
2261,1495
2262,1497
2263,1500
2264,1497
2265,1497
2266,1497
2267,1499
2268,1499
2269,1501
2270,1502
2271,1507
2272,1504
2273,1502
2274,1503
2275,1504
2276,1505
2277,1506
2278,1506
2279,1505
2280,1507
2281,1505
2282,1507
2283,1506
2284,1520
2285,1509
2286,1512
2287,1509
2288,1510
2289,1514
2290,1520
2291,1522
2292,1515
2293,1514
2294,1515
2295,1513
2296,1524
2297,1525
2298,1524
2299,1532
2300,1529
2301,1516
2302,1527
2303,1518
2304,1528
2305,1519
2306,1519
2307,1520
2308,1521
2309,1525
2310,1539
2311,1525
2312,1527
2313,1526
2314,1530
2315,1525
2316,1530
2317,1530
2318,1532
2319,1536
2320,1531
2321,1531
2322,1533
2323,1538
2324,1537
2325,1530
2326,1535
2327,1536
2328,1537
2329,1536
2330,1537
2331,1536
2332,1539
2333,1540
2334,1539
2335,1540
2336,1549
2337,1542
2338,1543
2339,1544
2340,1555
2341,2571
2342,1627
2343,1557
2344,1557
2345,3079
2346,1558
2347,1570
2348,1814
2349,1547
2350,1548
2351,1547
2352,1550
2353,1813
2354,1550
2355,1553
2356,1550
2357,1552
2358,1553
2359,1553
2360,1554
2361,1553
2362,1554
2363,1564
2364,1557
2365,1560
2366,1561
2367,1562
2368,1560
2369,1563
2370,1571
2371,1564
2372,1564
2373,1564
2374,1565
2375,1563
2376,1565
2377,1573
2378,1568
2379,1568
2380,1579
2381,1568
2382,1577
2383,1572
2384,1574
2385,1574
2386,1584
2387,1571
2388,1571
2389,1570
2390,1573
2391,1573
2392,1574
2393,1573
2394,1576
2395,1574
2396,1576
2397,1577
2398,1576
2399,1577
2400,1578
2401,1577
2402,1580
2403,1581
2404,1581
2405,1581
2406,1592
2407,1583
2408,1584
2409,1584
2410,1586
2411,1585
2412,1587
2413,1587
2414,1588
2415,1587
2416,1588
2417,1589
2418,1589
2419,1591
2420,1591
2421,1591
2422,1592
2423,1594
2424,1595
2425,1595
2426,2280
2427,1678
2428,1596
2429,1770
2430,1769
2431,1598
2432,1598
2433,1897
2434,1623
2435,1617
2436,1623
2437,1616
2438,1615
2439,2905
2440,1628
2441,1604
2442,1777
2443,1797
2444,1606
2445,1607
2446,1606
2447,1612
2448,1608
2449,1612
2450,1612
2451,1612
2452,1613
2453,1622
2454,1614
2455,1617
2456,1616
2457,1617
2458,1618
2459,1619
2460,1621
2461,1621
2462,1621
2463,1622
2464,1618
2465,1624
2466,1643
2467,1625
2468,1626
2469,1623
2470,1624
2471,1626
2472,1625
2473,1628
2474,1631
2475,1630
2476,1631
2477,1630
2478,1631
2479,1630
2480,1631
2481,1632
2482,1653
2483,1630
2484,1631
2485,1632
2486,1633
2487,1633
2488,1635
2489,1640
2490,1650
2491,2466
2492,1748
2493,1656
2494,1650
2495,2994
2496,1651
2497,1803
2498,1821
2499,1664
2500,1653
2501,1654
2502,1850
2503,2894
2504,1663
2505,1644
2506,1791
2507,1861
2508,1647
2509,1648
2510,1651
2511,1653
2512,1653
2513,1652
2514,1651
2515,1654
2516,1653
2517,1654
2518,1657
2519,1658
2520,1658
2521,1659
2522,1660
2523,1660
2524,1661
2525,1661
2526,1662
2527,1664
2528,1670
2529,1662
2530,1664
2531,1665
2532,1665
2533,1665
2534,1665
2535,1666
2536,1669
2537,1669
2538,1669
2539,1670
2540,1669
2541,1672
2542,1676
2543,1681
2544,1667
2545,1668
2546,1669
2547,1670
2548,1671
2549,1671
2550,1674
2551,1677
2552,1676
2553,1675
2554,1679
2555,1680
2556,1680
2557,1681
2558,1683
2559,1689
2560,1683
2561,1682
2562,1681
2563,1683
2564,1690
2565,1687
2566,1687
2567,1686
2568,1685
2569,1688
2570,1688
2571,1690
2572,1691
2573,1692
2574,1692
2575,1692
2576,1694
2577,1692
2578,1691
2579,1694
2580,2533
2581,1759
2582,1706
2583,1907
2584,3340
2585,1710
2586,1756
2587,1898
2588,1698
2589,1717
2590,1699
2591,2042
2592,2937
2593,1718
2594,1719
2595,2007
2596,1703
2597,1708
2598,1703
2599,1711
2600,1705
2601,1707
2602,1706
2603,1706
2604,1709
2605,1707
2606,1709
2607,1713
2608,1713
2609,1713
2610,1712
2611,1714
2612,1712
2613,1714
2614,1714
2615,1715
2616,1715
2617,1720
2618,1719
2619,1718
2620,1717
2621,1717
2622,1718
2623,1717
2624,1719
2625,1720
2626,1724
2627,1724
2628,1726
2629,1738
2630,1728
2631,1729
2632,1728
2633,1728
2634,1728
2635,1726
2636,1729
2637,1731
2638,1732
2639,1732
2640,1733
2641,1733
2642,1734
2643,1734
2644,1735
2645,1738
2646,1736
2647,1737
2648,1737
2649,1738
2650,1740
2651,1739
2652,1741
2653,1742
2654,1742
2655,1741
2656,1743
2657,1754
2658,1742
2659,1748
2660,1743
2661,1744
2662,1742
2663,1744
2664,1747
2665,1747
2666,1750
2667,1750
2668,1752
2669,1758
2670,1751
2671,1751
2672,1752
2673,1754
2674,1755
2675,1754
2676,1757
2677,1758
2678,1756
2679,1764
2680,1756
2681,1754
2682,1760
2683,1759
2684,1759
2685,1760
2686,1759
2687,1772
2688,1762
2689,1764
2690,1763
2691,1765
2692,1762
2693,1765
2694,1765
2695,1766
2696,1771
2697,1768
2698,1770
2699,1770
2700,1769
2701,1771
2702,1770
2703,1771
2704,1773
2705,1774
2706,1782
2707,1775
2708,1775
2709,1780
2710,1779
2711,1784
2712,1782
2713,1781
2714,1786
2715,1785
2716,1784
2717,1792
2718,1790
2719,1794
2720,1787
2721,1783
2722,1785
2723,1791
2724,1791
2725,1792
2726,1787
2727,1793
2728,1788
2729,1790
2730,1793
2731,1792
2732,1789
2733,1801
2734,1791
2735,1792
2736,1792
2737,1795
2738,1794
2739,1796
2740,1805
2741,1796
2742,1797
2743,1796
2744,1800
2745,1798
2746,1797
2747,1800
2748,1799
2749,1802
2750,1801
2751,1802
2752,1802
2753,1804
2754,1805
2755,1805
2756,1806
2757,1813
2758,1811
2759,1813
2760,1808
2761,1807
2762,1810
2763,1818
2764,1810
2765,1812
2766,1817
2767,1813
2768,1819
2769,1815
2770,1813
2771,1814
2772,1816
2773,1817
2774,1814
2775,1816
2776,1824
2777,1817
2778,1819
2779,1825
2780,1821
2781,1821
2782,1822
2783,1822
2784,1823
2785,1822
2786,1824
2787,1824
2788,1831
2789,1828
2790,1828
2791,1835
2792,1823
2793,1829
2794,1830
2795,1829
2796,1829
2797,1830
2798,1831
2799,1830
2800,1830
2801,1833
2802,1834
2803,1834
2804,1835
2805,1834
2806,1872
2807,1838
2808,1838
2809,1841
2810,1841
2811,1842
2812,1867
2813,1840
2814,1839
2815,1840
2816,1845
2817,1844
2818,1851
2819,1844
2820,1845
2821,1845
2822,1844
2823,1846
2824,1847
2825,1848
2826,1849
2827,1847
2828,1850
2829,1851
2830,1859
2831,1852
2832,1854
2833,1855
2834,1855
2835,1854
2836,1855
2837,1854
2838,1857
2839,1856
2840,1863
2841,1858
2842,1858
2843,1858
2844,1860
2845,1860
2846,1859
2847,1866
2848,1863
2849,1864
2850,1864
2851,1865
2852,1867
2853,1873
2854,1867
2855,1870
2856,1873
2857,1875
2858,1872
2859,1880
2860,1872
2861,1871
2862,1876
2863,1884
2864,1873
2865,1873
2866,1876
2867,1875
2868,1873
2869,1876
2870,1876
2871,1876
2872,1878
2873,1887
2874,1879
2875,1878
2876,1880
2877,1890
2878,1884
2879,1883
2880,1889
2881,1883
2882,1893
2883,1893
2884,1883
2885,1882
2886,1884
2887,1883
2888,1885
2889,1888
2890,1890
2891,1891
2892,1890
2893,1892
2894,1893
2895,1891
2896,1893
2897,1899
2898,1894
2899,1897
2900,1895
2901,1898
2902,1900
2903,1900
2904,1900
2905,1906
2906,1900
2907,1901
2908,1902
2909,1900
2910,1903
2911,3328
2912,1950
2913,1901
2914,1902
2915,1903
2916,1905
2917,2078
2918,2071
2919,1907
2920,1906
2921,1906
2922,1907
2923,1908
2924,1912
2925,1912
2926,1911
2927,1906
2928,1921
2929,1921
2930,1913
2931,1911
2932,1919
2933,1913
2934,1913
2935,1914
2936,1917
2937,1917
2938,1920
2939,1920
2940,1924
2941,1922
2942,1921
2943,1930
2944,1930
2945,1925
2946,1926
2947,3651
2948,1969
2949,1956
2950,1938
2951,2211
2952,3603
2953,1952
2954,1944
2955,2222
2956,3379
2957,1973
2958,2167
2959,1930
2960,1939
2961,1931
2962,1932
2963,1931
2964,1934
2965,1935
2966,1935
2967,1935
2968,1938
2969,1948
2970,1948
2971,1955
2972,1951
2973,3647
2974,2322
2975,1962
2976,1955
2977,1943
2978,1943
2979,1943
2980,3107
2981,2059
2982,2178
2983,1958
2984,1945
2985,1945
2986,1947
2987,3091
2988,1968
2989,2093
2990,2109
2991,1951
2992,1950
2993,1952
2994,1968
2995,1957
2996,1965
2997,1956
2998,1956
2999,1958
3000,1961
3001,1960
3002,1964
3003,1956
3004,1963
3005,1964
3006,1963
3007,1966
3008,1969
3009,1970
3010,1972
3011,1971
3012,1970
3013,1971
3014,1972
3015,1974
3016,1966
3017,1968
3018,1975
3019,1977
3020,1974
3021,1977
3022,1977
3023,1979
3024,1981
3025,1977
3026,1984
3027,1973
3028,1982
3029,1981
3030,1974
3031,1975
3032,1975
3033,1976
3034,1977
3035,1977
3036,1981
3037,1980
3038,1988
3039,1992
3040,1990
3041,1989
3042,1992
3043,1993
3044,1991
3045,1993
3046,1991
3047,1990
3048,1995
3049,1992
3050,1996
3051,1995
3052,1989
3053,1994
3054,1999
3055,1999
3056,1995
3057,1995
3058,2000
3059,2001
3060,1994
3061,2002
3062,2001
3063,2002
3064,2006
3065,2004
3066,2005
3067,2005
3068,2008
3069,2008
3070,2007
3071,2010
3072,2010
3073,2011
3074,2011
3075,2012
3076,2008
3077,2011
3078,2012
3079,2013
3080,2014
3081,2013
3082,2014
3083,2042
3084,2020
3085,2047
3086,2016
3087,2009
3088,2018
3089,2039
3090,2014
3091,2034
3092,2012
3093,2014
3094,2013
3095,2032
3096,2014
3097,2017
3098,2016
3099,2016
3100,2018
3101,2019
3102,2021
3103,2020
3104,2023
3105,2022
3106,2024
3107,2028
3108,2024
3109,2026
3110,2026
3111,2027
3112,2031
3113,2031
3114,2029
3115,2039
3116,2044
3117,2046
3118,2034
3119,2034
3120,2032
3121,2030
3122,2034
3123,2048
3124,2049
3125,2036
3126,2038
3127,2037
3128,2038
3129,2040
3130,2041
3131,2043
3132,2041
3133,2039
3134,2042
3135,2047
3136,2045
3137,2045
3138,2045
3139,2047
3140,2047
3141,2044
3142,2046
3143,2048
3144,2054
3145,2049
3146,2051
3147,2058
3148,2058
3149,2054
3150,2053
3151,2054
3152,2054
3153,2055
3154,2054
3155,2056
3156,2055
3157,2055
3158,2059
3159,2057
3160,2060
3161,2060
3162,2061
3163,2062
3164,2056
3165,2060
3166,2064
3167,2061
3168,2063
3169,2065
3170,2064
3171,2063
3172,2065
3173,2071
3174,2067
3175,2064
3176,2066
3177,2066
3178,2072
3179,2073
3180,2074
3181,2077
3182,2077
3183,2079
3184,2079
3185,2081
3186,2080
3187,2081
3188,2075
3189,2083
3190,2077
3191,2080
3192,2085
3193,2088
3194,2085
3195,2086
3196,2088
3197,2087
3198,2088
3199,2089
3200,2084
3201,2083
3202,2088
3203,2090
3204,2091
3205,2089
3206,2093
3207,2091
3208,2094
3209,2096
3210,2094
3211,2096
3212,2095
3213,2099
3214,2099
3215,2091
3216,2089
3217,2091
3218,2091
3219,2092
3220,2092
3221,2093
3222,2095
3223,2095
3224,2095
3225,2095
3226,2097
3227,2098
3228,2098
3229,2098
3230,2098
3231,2100
3232,2101
3233,2100
3234,2100
3235,2101
3236,2103
3237,2104
3238,2104
3239,2105
3240,2107
3241,2106
3242,2113
3243,2108
3244,2107
3245,2115
3246,2111
3247,2113
3248,2114
3249,2117
3250,2114
3251,2119
3252,2122
3253,2125
3254,2119
3255,2125
3256,2125
3257,2121
3258,2127
3259,2125
3260,2126
3261,2129
3262,2124
3263,2126
3264,2127
3265,2127
3266,2131
3267,2129
3268,2133
3269,2131
3270,2134
3271,2133
3272,2134
3273,2129
3274,2136
3275,2129
3276,2136
3277,2140
3278,2139
3279,2142
3280,2141
3281,2138
3282,2141
3283,2141
3284,2144
3285,2144
3286,2144
3287,2143
3288,2145
3289,2142
3290,2146
3291,2145
3292,2147
3293,2148
3294,2150
3295,2147
3296,2152
3297,2149
3298,2151
3299,2150
3300,2151
3301,2144
3302,2153
3303,2152
3304,2155
3305,2153
3306,2153
3307,2154
3308,2157
3309,2158
3310,2160
3311,2156
3312,2158
3313,2159
3314,2161
3315,2155
3316,2160
3317,2162
3318,2163
3319,2164
3320,2164
3321,2164
3322,2167
3323,2167
3324,2166
3325,2168
3326,2168
3327,2162
3328,2170
3329,2170
3330,2170
3331,2173
3332,2171
3333,2171
3334,2172
3335,2174
3336,2176
3337,2177
3338,2169
3339,2175
3340,2170
3341,2181
3342,2174
3343,2181
3344,2180
3345,2181
3346,2178
3347,2182
3348,2183
3349,2183
3350,2184
3351,2185
3352,2184
3353,2183
3354,2182
3355,2188
3356,2190
3357,2188
3358,2189
3359,2190
3360,2190
3361,2187
3362,2191
3363,2190
3364,2194
3365,2193
3366,2195
3367,2195
3368,2195
3369,2196
3370,2195
3371,2195
3372,2196
3373,2197
3374,2196
3375,2200
3376,2199
3377,2199
3378,2201
3379,2201
3380,2204
3381,2201
3382,2205
3383,2205
3384,2205
3385,2209
3386,2202
3387,2207
3388,2207
3389,2201
3390,2206
3391,2208
3392,2210
3393,2209
3394,2211
3395,2206
3396,2206
3397,2212
3398,2212
3399,2215
3400,2216
3401,2214
3402,2215
3403,2216
3404,2216
3405,2218
3406,2218
3407,2214
3408,2218
3409,2220
3410,2220
3411,2221
3412,2222
3413,2219
3414,2221
3415,2225
3416,2225
3417,2223
3418,2227
3419,2227
3420,2229
3421,2222
3422,2230
3423,2231
3424,2231
3425,2231
3426,2231
3427,2230
3428,2232
3429,2231
3430,2234
3431,2229
3432,2234
3433,2235
3434,2235
3435,2237
3436,2236
3437,2237
3438,2238
3439,2238
3440,2242
3441,2242
3442,2241
3443,2242
3444,2243
3445,2239
3446,2249
3447,2249
3448,2251
3449,2237
3450,2237
3451,3870
3452,2262
3453,2239
3454,2239
3455,2246
3456,2532
3457,2242
3458,2248
3459,2247
3460,2254
3461,2243
3462,2244
3463,2250
3464,2252
3465,2253
3466,2252
3467,2252
3468,2251
3469,2257
3470,2259
3471,2252
3472,2258
3473,2260
3474,2261
3475,2261
3476,2258
3477,2264
3478,2257
3479,2266
3480,2259
3481,2267
3482,2266
3483,2268
3484,2267
3485,2269
3486,2269
3487,2269
3488,2270
3489,2269
3490,2271
3491,2273
3492,2271
3493,2274
3494,2274
3495,2273
3496,2273
3497,2275
3498,2278
3499,2277
3500,2279
3501,2277
3502,2278
3503,2280
3504,2275
3505,2278
3506,2279
3507,2279
3508,2282
3509,2284
3510,2284
3511,2287
3512,2287
3513,2284
3514,2286
3515,2289
3516,2288
3517,2288
3518,2289
3519,2290
3520,2290
3521,2289
3522,2290
3523,2291
3524,2293
3525,2293
3526,2290
3527,2293
3528,2294
3529,2296
3530,2297
3531,2297
3532,2296
3533,2301
3534,2299
3535,2293
3536,2302
3537,2300
3538,2299
3539,2299
3540,2303
3541,2302
3542,2305
3543,2304
3544,2310
3545,2305
3546,2307
3547,2307
3548,2299
3549,2305
3550,2304
3551,2309
3552,2308
3553,2311
3554,2311
3555,2312
3556,2305
3557,2312
3558,2313
3559,2309
3560,2317
3561,2316
3562,2317
3563,2319
3564,2318
3565,2317
3566,2319
3567,2319
3568,2321
3569,2322
3570,2322
3571,2322
3572,2324
3573,2324
3574,2326
3575,2324
3576,2325
3577,2326
3578,2328
3579,2327
3580,2329
3581,2327
3582,2329
3583,2330
3584,2324
3585,2331
3586,2330
3587,2333
3588,2332
3589,2333
3590,2334
3591,2336
3592,2333
3593,2335
3594,2335
3595,2337
3596,2338
3597,2338
3598,2339
3599,2335
3600,2336
3601,2339
3602,2344
3603,2343
3604,2344
3605,2345
3606,2344
3607,2344
3608,2347
3609,2339
3610,2347
3611,2342
3612,2349
3613,2353
3614,2351
3615,2349
3616,2345
3617,2353
3618,2353
3619,2353
3620,2354
3621,2353
3622,2348
3623,2354
3624,2355
3625,2356
3626,2349
3627,2354
3628,2355
3629,2352
3630,2359
3631,2360
3632,2362
3633,2362
3634,2361
3635,2363
3636,2364
3637,2364
3638,2363
3639,2358
3640,2364
3641,2358
3642,2366
3643,2369
3644,2365
3645,2368
3646,2372
3647,2362
3648,2367
3649,2369
3650,2370
3651,2371
3652,2375
3653,2375
3654,2372
3655,2362
3656,2366
3657,2372
3658,2376
3659,2386
3660,2381
3661,2369
3662,2370
3663,2370
3664,2371
3665,2378
3666,2374
3667,2377
3668,2376
3669,2376
3670,2377
3671,2387
3672,2377
3673,2382
3674,2379
3675,2379
3676,2381
3677,2382
3678,2384
3679,2387
3680,2384
3681,2384
3682,2385
3683,2386
3684,2384
3685,2382
3686,2397
3687,2387
3688,2386
3689,2397
3690,2388
3691,2388
3692,2398
3693,2399
3694,2400
3695,2398
3696,2400
3697,2395
3698,2401
3699,2402
3700,2407
3701,2405
3702,2398
3703,2404
3704,2406
3705,2404
3706,2403
3707,2406
3708,2407
3709,2410
3710,2411
3711,2411
3712,2411
3713,2412
3714,2413
3715,2413
3716,2414
3717,2412
3718,2406
3719,2413
3720,2406
3721,2414
3722,2415
3723,2419
3724,2419
3725,2418
3726,2415
3727,2423
3728,2421
3729,2422
3730,2421
3731,2422
3732,2423
3733,2423
3734,2424
3735,2424
3736,2423
3737,2426
3738,2425
3739,2428
3740,2426
3741,2430
3742,2431
3743,2429
3744,2431
3745,2429
3746,2432
3747,2427
3748,2433
3749,2435
3750,2436
3751,2434
3752,2439
3753,2435
3754,2438
3755,2438
3756,2438
3757,2440
3758,2439
3759,2438
3760,2439
3761,2443
3762,2442
3763,2436
3764,2441
3765,2446
3766,2446
3767,2444
3768,2446
3769,2448
3770,2449
3771,2449
3772,2448
3773,2448
3774,2451
3775,2448
3776,2450
3777,2451
3778,2452
3779,2450
3780,2452
3781,2448
3782,2457
3783,2450
3784,2455
3785,2456
3786,2457
3787,2459
3788,2456
3789,2460
3790,2457
3791,2458
3792,2461
3793,2462
3794,2461
3795,2460
3796,2458
3797,2458
3798,2466
3799,2466
3800,2468
3801,2467
3802,2466
3803,2466
3804,2474
3805,2465
3806,2459
3807,2457
3808,2469
3809,2472
3810,2472
3811,2474
3812,2473
3813,2474
3814,2472
3815,2475
3816,2474
3817,2468
3818,2475
3819,2477
3820,2476
3821,2474
3822,2472
3823,2479
3824,2481
3825,2481
3826,2480
3827,2482
3828,2476
3829,2484
3830,2485
3831,2485
3832,2486
3833,2487
3834,2488
3835,2488
3836,2488
3837,2489
3838,2490
3839,2488
3840,2491
3841,2490
3842,2491
3843,2493
3844,2483
3845,2486
3846,2495
3847,2495
3848,2496
3849,2496
3850,2498
3851,2500
3852,2500
3853,2490
3854,2500
3855,2503
3856,2501
3857,2494
3858,2498
3859,2503
3860,2495
3861,2505
3862,2504
3863,2505
3864,2506
3865,2507
3866,2509
3867,2516
3868,2520
3869,2514
3870,3971
3871,2531
3872,2517
3873,3865
3874,2822
3875,2518
3876,2507
3877,2767
3878,2509
3879,2511
3880,2516
3881,2517
3882,2518
3883,2518
3884,2511
3885,2509
3886,2511
3887,2509
3888,2510
3889,2511
3890,2512
3891,2513
3892,2515
3893,2515
3894,2527
3895,2516
3896,2543
3897,2517
3898,2543
3899,2519
3900,2520
3901,2520
3902,2520
3903,2522
3904,2522
3905,2522
3906,2522
3907,2531
3908,2524
3909,2534
3910,2534
3911,2536
3912,2533
3913,2537
3914,2533
3915,2537
3916,2540
3917,2541
3918,2535
3919,2540
3920,2540
3921,2540
3922,2537
3923,2537
3924,2542
3925,2544
3926,2545
3927,2541
3928,2547
3929,2547
3930,2549
3931,2549
3932,2551
3933,2549
3934,2549
3935,2550
3936,2547
3937,2552
3938,2552
3939,2552
3940,2554
3941,2554
3942,2549
3943,2553
3944,2558
3945,2555
3946,2555
3947,2558
3948,2553
3949,2559
3950,2560
3951,2562
3952,2562
3953,2561
3954,2561
3955,2563
3956,2567
3957,2558
3958,2564
3959,2567
3960,2564
3961,2566
3962,2566
3963,2570
3964,2570
3965,2569
3966,2569
3967,2573
3968,2569
3969,2570
3970,2574
3971,2573
3972,2575
3973,2572
3974,2575
3975,2575
3976,2575
3977,2577
3978,2577
3979,2579
3980,2578
3981,2579
3982,2579
3983,2580
3984,2581
3985,2581
3986,2585
3987,2582
3988,2584
3989,2585
3990,2584
3991,2587
3992,2587
3993,2588
3994,2588
3995,2587
3996,2591
3997,2590
3998,2591
3999,2585
4000,2592
4001,2592
4002,2592
4003,2592
4004,2592
4005,2595
4006,2595
4007,2595
4008,2594
4009,2595
4010,2595
4011,2597
4012,2598
4013,2602
4014,2597
4015,2601
4016,2601
4017,2602
4018,2602
4019,2600
4020,2607
4021,2607
4022,2606
4023,2604
4024,2607
4025,2607
4026,2607
4027,2602
4028,2611
4029,2610
4030,2602
4031,2611
4032,2613
4033,2613
4034,2606
4035,2614
4036,2609
4037,2609
4038,2616
4039,2613
4040,2610
4041,2609
4042,2609
4043,2612
4044,2612
4045,2618
4046,2618
4047,2622
4048,2623
4049,2623
4050,2624
4051,2614
4052,2624
4053,2621
4054,2621
4055,2628
4056,2626
4057,2626
4058,2626
4059,2627
4060,2627
4061,2630
4062,2629
4063,2631
4064,2633
4065,2632
4066,2630
4067,2632
4068,2633
4069,2634
4070,2632
4071,2635
4072,2636
4073,2635
4074,2635
4075,2631
4076,2637
4077,2636
4078,2631
4079,2638
4080,2639
4081,2639
4082,2643
4083,2643
4084,2644
4085,2647
4086,2645
4087,2644
4088,2646
4089,2646
4090,2648
4091,2646
4092,2647
4093,2650
4094,2651
4095,2647
4096,2651
4097,2652
4098,2652
4099,2651
4100,2657
4101,2654
4102,2653
4103,2657
4104,2657
4105,2657
4106,2655
4107,2656
4108,2657
4109,2660
4110,2662
4111,2661
4112,2663
4113,2661
4114,2663
4115,2663
4116,2666
4117,2666
4118,2667
4119,2665
4120,2669
4121,2667
4122,2666
4123,2658
4124,2659
4125,2667
4126,2661
4127,2662
4128,2670
4129,2670
4130,2673
4131,2674
4132,2675
4133,2677
4134,2678
4135,2677
4136,2676
4137,2677
4138,2679
4139,2675
4140,2678
4141,2674
4142,2681
4143,2682
4144,2683
4145,2700
4146,2685
4147,2674
4148,2682
4149,2673
4150,2677
4151,2678
4152,2687
4153,2690
4154,2679
4155,2676
4156,2694
4157,2682
4158,2682
4159,2686
4160,2685
4161,2692
4162,2686
4163,2686
4164,2692
4165,2693
4166,2687
4167,2696
4168,2698
4169,2690
4170,2689
4171,2691
4172,2691
4173,2694
4174,2700
4175,2696
4176,2694
4177,2698
4178,2693
4179,2697
4180,2705
4181,2699
4182,2697
4183,2704
4184,2703
4185,2704
4186,2699
4187,2711
4188,2708
4189,2707
4190,2702
4191,2702
4192,2709
4193,2704
4194,2712
4195,2713
4196,2709
4197,2714
4198,2713
4199,2715
4200,2709
4201,2713
4202,2718
4203,2716
4204,2721
4205,2719
4206,2723
4207,2715
4208,2722
4209,2721
4210,2722
4211,2726
4212,2718
4213,2726
4214,2725
4215,2721
4216,2727
4217,2727
4218,2722
4219,2723
4220,2723
4221,2723
4222,2731
4223,2731
4224,2733
4225,2733
4226,2735
4227,2727
4228,2733
4229,2735
4230,2735
4231,2737
4232,2740
4233,2735
4234,2732
4235,2739
4236,2739
4237,2742
4238,2741
4239,2742
4240,2742
4241,2741
4242,2741
4243,2743
4244,2746
4245,2744
4246,2747
4247,2753
4248,2758
4249,3991
4250,2759
4251,2740
4252,2740
4253,2748
4254,3135
4255,2747
4256,2747
4257,2743
4258,2745
4259,2744
4260,2745
4261,2755
4262,2755
4263,2757
4264,2758
4265,2758
4266,2760
4267,2761
4268,2754
4269,2753
4270,2761
4271,2762
4272,2765
4273,2760
4274,2755
4275,2756
4276,2757
4277,2765
4278,2767
4279,2761
4280,2766
4281,2767
4282,2770
4283,2769
4284,2772
4285,2773
4286,2769
4287,2774
4288,2772
4289,2772
4290,2778
4291,2766
4292,2772
4293,2767
4294,2783
4295,2777
4296,2772
4297,2779
4298,2778
4299,2779
4300,2782
4301,2780
4302,2775
4303,2782
4304,2784
4305,2780
4306,2782
4307,2782
4308,2784
4309,2784
4310,2786
4311,2787
4312,2788
4313,2788
4314,2788
4315,2790
4316,2789
4317,2790
4318,2791
4319,2791
4320,2791
4321,2792
4322,2792
4323,2793
4324,2796
4325,2796
4326,2789
4327,2796
4328,2798
4329,2799
4330,2798
4331,2800
4332,2801
4333,2801
4334,2802
4335,2803
4336,2801
4337,2802
4338,2800
4339,2805
4340,2805
4341,2806
4342,2801
4343,2807
4344,2806
4345,2810
4346,2810
4347,2809
4348,2813
4349,2805
4350,2810
4351,2813
4352,2813
4353,2812
4354,2813
4355,2811
4356,2813
4357,2813
4358,2816
4359,2815
4360,2818
4361,2817
4362,2818
4363,2820
4364,2821
4365,2820
4366,2822
4367,2819
4368,2822
4369,2824
4370,2825
4371,2823
4372,2827
4373,2826
4374,2826
4375,2827
4376,2826
4377,2829
4378,2829
4379,2827
4380,2830
4381,2830
4382,2835
4383,2832
4384,2834
4385,2835
4386,2833
4387,2833
4388,2836
4389,2834
4390,2837
4391,2837
4392,2832
4393,2840
4394,2840
4395,2839
4396,2839
4397,2836
4398,2840
4399,2843
4400,2839
4401,2837
4402,2844
4403,2842
4404,2845
4405,2845
4406,2848
4407,2846
4408,2845
4409,2847
4410,2847
4411,2848
4412,2849
4413,2848
4414,2847
4415,2851
4416,2851
4417,2854
4418,2859
4419,2849
4420,2859
4421,2853
4422,2854
4423,2857
4424,2857
4425,2849
4426,2860
4427,2859
4428,2860
4429,2858
4430,2861
4431,2859
4432,2859
4433,2860
4434,2861
4435,2862
4436,2864
4437,2866
4438,2869
4439,2860
4440,2867
4441,2869
4442,2872
4443,2869
4444,2869
4445,2871
4446,2872
4447,2874
4448,2868
4449,2874
4450,2873
4451,2875
4452,2875
4453,2868
4454,2871
4455,2869
4456,2878
4457,2884
4458,2881
4459,2871
4460,2869
4461,2872
4462,2872
4463,2873
4464,2875
4465,2876
4466,2875
4467,2875
4468,2876
4469,2879
4470,2890
4471,2877
4472,2878
4473,2878
4474,2880
4475,2881
4476,2881
4477,2879
4478,2891
4479,2882
4480,2890
4481,2892
4482,2893
4483,2899
4484,2890
4485,2896
4486,2893
4487,2890
4488,2899
4489,2898
4490,2899
4491,2901
4492,2892
4493,2900
4494,2901
4495,2901
4496,2896
4497,2903
4498,2902
4499,2904
4500,2904
4501,2900
4502,2904
4503,2904
4504,2906
4505,2907
4506,2905
4507,2903
4508,2909
4509,2910
4510,2911
4511,2912
4512,2912
4513,2913
4514,2912
4515,2920
4516,2908
4517,2908
4518,2921
4519,2920
4520,2911
4521,2909
4522,2914
4523,2912
4524,2915
4525,2915
4526,2914
4527,2916
4528,2919
4529,2923
4530,2926
4531,2925
4532,2925
4533,2925
4534,2927
4535,2926
4536,2927
4537,2927
4538,2921
4539,2921
4540,2929
4541,2930
4542,2931
4543,2928
4544,2926
4545,2933
4546,2932
4547,2934
4548,2937
4549,2936
4550,2936
4551,2936
4552,2938
4553,2940
4554,2940
4555,2937
4556,2939
4557,2938
4558,2944
4559,2942
4560,2936
4561,2936
4562,2944
4563,2942
4564,2946
4565,2949
4566,2948
4567,2943
4568,2944
4569,2948
4570,2940
4571,2946
4572,2950
4573,2952
4574,2952
4575,2948
4576,2951
4577,2956
4578,2990
4579,2945
4580,2946
4581,2947
4582,2952
4583,2953
4584,2955
4585,2950
4586,2957
4587,2959
4588,2963
4589,2966
4590,2954
4591,2966
4592,2964
4593,2967
4594,2967
4595,2955
4596,2958
4597,2979
4598,2973
4599,2971
4600,4296
4601,2976
4602,2977
4603,4560
4604,3219
4605,2970
4606,3295
4607,2976
4608,2965
4609,2969
4610,2973
4611,2973
4612,2974
4613,2977
4614,2976
4615,2971
4616,2977
4617,2980
4618,2985
4619,2973
4620,2972
4621,2980
4622,2980
4623,2980
4624,2984
4625,2981
4626,2985
4627,2977
4628,2981
4629,2984
4630,2987
4631,2988
4632,2988
4633,2988
4634,2987
4635,2990
4636,2991
4637,2991
4638,2988
4639,2985
4640,2986
4641,2984
4642,2992
4643,2991
4644,2987
4645,3005
4646,2998
4647,2998
4648,2999
4649,2997
4650,2999
4651,2996
4652,2997
4653,3000
4654,3002
4655,3002
4656,3002
4657,3002
4658,3003
4659,3006
4660,3006
4661,3008
4662,3005
4663,3001
4664,3009
4665,3010
4666,3008
4667,3009
4668,3011
4669,3011
4670,3014
4671,3012
4672,3012
4673,3014
4674,3014
4675,3013
4676,3015
4677,3014
4678,3015
4679,3017
4680,3018
4681,3016
4682,3021
4683,3018
4684,3024
4685,3012
4686,3022
4687,3023
4688,3021
4689,3021
4690,3023
4691,3030
4692,3027
4693,3028
4694,3027
4695,3030
4696,3030
4697,3026
4698,3037
4699,3027
4700,3032
4701,3028
4702,3046
4703,3032
4704,3033
4705,3035
4706,3030
4707,3036
4708,3041
4709,3038
4710,3033
4711,3036
4712,3038
4713,3041
4714,3041
4715,3042
4716,3058
4717,3063
4718,3060
4719,3042
4720,3042
4721,3046
4722,3052
4723,3045
4724,3045
4725,3041
4726,3047
4727,3049
4728,3048
4729,3051
4730,3047
4731,3051
4732,3045
4733,3051
4734,3053
4735,3048
4736,3051
4737,3055
4738,3058
4739,3055
4740,3056
4741,3056
4742,3052
4743,3058
4744,3051
4745,3052
4746,3058
4747,3060
4748,3062
4749,3059
4750,3062
4751,3062
4752,3064
4753,3055
4754,3064
4755,3062
4756,3066
4757,3065
4758,3065
4759,3069
4760,3067
4761,3070
4762,3071
4763,3071
4764,3072
4765,3070
4766,3072
4767,3071
4768,3074
4769,3068
4770,3075
4771,3070
4772,3077
4773,3077
4774,3073
4775,3076
4776,3074
4777,3081
4778,3081
4779,3080
4780,3081
4781,3078
4782,3081
4783,3082
4784,3082
4785,3082
4786,3084
4787,3085
4788,3086
4789,3088
4790,3090
4791,3085
4792,3090
4793,3090
4794,3087
4795,3091
4796,3091
4797,3092
4798,3092
4799,3090
4800,3094
4801,3088
4802,3093
4803,3089
4804,3089
4805,3095
4806,3091
4807,3091
4808,3098
4809,3092
4810,3090
4811,3102
4812,3104
4813,3104
4814,3101
4815,3102
4816,3103
4817,3103
4818,3105
4819,3104
4820,3107
4821,3108
4822,3103
4823,3107
4824,3102
4825,3110
4826,3109
4827,3108
4828,3110
4829,3111
4830,3114
4831,3113
4832,3113
4833,3114
4834,3113
4835,3115
4836,3117
4837,3117
4838,3119
4839,3115
4840,3118
4841,3120
4842,3121
4843,3118
4844,3121
4845,3122
4846,3116
4847,3114
4848,3121
4849,3117
4850,3115
4851,4399
4852,3129
4853,3118
4854,3117
4855,3442
4856,3127
4857,3126
4858,3128
4859,3131
4860,3126
4861,3132
4862,3128
4863,3131
4864,3129
4865,3134
4866,3136
4867,3136
4868,3136
4869,3137
4870,3138
4871,3139
4872,3140
4873,3139
4874,3142
4875,3140
4876,3139
4877,3142
4878,3143
4879,3144
4880,3143
4881,3145
4882,3144
4883,3144
4884,3148
4885,3147
4886,3148
4887,3148
4888,3146
4889,3144
4890,3152
4891,3153
4892,3151
4893,3151
4894,3153
4895,3153
4896,3156
4897,3154
4898,3155
4899,3150
4900,3156
4901,3158
4902,3159
4903,3153
4904,3158
4905,3162
4906,3155
4907,3162
4908,3160
4909,3158
4910,3157
4911,3163
4912,3164
4913,3165
4914,3164
4915,3165
4916,3167
4917,3168
4918,3166
4919,3167
4920,3169
4921,3170
4922,3175
4923,3174
4924,4869
4925,3176
4926,3168
4927,3263
4928,3345
4929,3173
4930,3174
4931,3167
4932,3175
4933,3170
4934,3176
4935,3176
4936,3181
4937,3181
4938,3175
4939,3180
4940,3184
4941,3182
4942,3181
4943,3182
4944,3184
4945,3184
4946,3185
4947,3180
4948,3186
4949,3188
4950,3194
4951,3181
4952,3190
4953,3192
4954,3192
4955,3190
4956,3192
4957,3192
4958,3190
4959,3193
4960,3196
4961,3195
4962,3193
4963,3195
4964,3188
4965,3188
4966,3185
4967,3188
4968,3191
4969,3190
4970,3191
4971,3193
4972,3208
4973,3193
4974,3193
4975,3195
4976,3195
4977,3192
4978,3197
4979,3199
4980,3206
4981,3206
4982,3201
4983,3203
4984,3208
4985,3210
4986,3210
4987,3212
4988,3212
4989,3205
4990,3211
4991,3216
4992,3204
4993,3204
4994,3205
4995,3207
4996,3209
4997,3209
4998,3204
4999,3210
5000,3210
5001,3217
5002,3219
5003,3219
5004,3214
5005,3223
5006,3222
5007,3224
5008,3217
5009,3217
5010,3217
5011,3222
5012,3227
5013,3220
5014,3226
5015,3228
5016,3227
5017,3222
5018,3230
5019,3230
5020,3232
5021,3232
5022,3233
5023,3236
5024,3232
5025,3236
5026,3233
5027,3237
5028,3239
5029,3236
5030,3231
5031,3238
5032,3228
5033,3238
5034,3240
5035,3234
5036,3244
5037,3243
5038,3242
5039,3244
5040,3244
5041,3244
5042,3245
5043,3246
5044,3245
5045,3248
5046,3247
5047,3247
5048,3245
5049,3244
5050,3243
5051,3244
5052,3243
5053,3251
5054,3256
5055,3254
5056,3249
5057,3255
5058,3255
5059,3252
5060,3248
5061,3257
5062,3247
5063,3260
5064,3262
5065,3251
5066,3249
5067,3252
5068,3255
5069,3263
5070,3262
5071,3257
5072,3255
5073,3266
5074,3257
5075,3264
5076,3267
5077,3265
5078,3269
5079,3270
5080,3271
5081,3272
5082,3282
5083,3265
5084,3265
5085,3264
5086,3273
5087,3273
5088,3274
5089,3276
5090,3268
5091,3274
5092,3278
5093,3278
5094,3278
5095,3274
5096,3278
5097,3277
5098,3278
5099,3279
5100,3283
5101,3277
5102,3282
5103,3285
5104,3285
5105,3281
5106,3284
5107,3283
5108,3284
5109,3280
5110,3285
5111,3288
5112,3282
5113,3287
5114,3291
5115,3290
5116,3289
5117,3293
5118,3294
5119,3296
5120,3295
5121,3289
5122,3296
5123,3296
5124,3297
5125,3298
5126,3299
5127,3297
5128,3300
5129,3298
5130,3302
5131,3300
5132,3303
5133,3304
5134,3303
5135,3305
5136,3306
5137,3305
5138,3306
5139,3306
5140,3307
5141,3308
5142,3309
5143,3309
5144,3308
5145,3308
5146,3311
5147,3310
5148,3317
5149,3329
5150,3312
5151,3314
5152,3313
5153,3314
5154,3314
5155,3315
5156,3319
5157,3319
5158,3320
5159,3319
5160,3320
5161,3321
5162,3321
5163,3314
5164,3318
5165,3321
5166,3322
5167,3325
5168,3325
5169,3326
5170,3321
5171,3324
5172,3329
5173,4278
5174,3330
5175,3319
5176,3330
5177,3542
5178,3321
5179,3330
5180,3329
5181,3329
5182,3332
5183,3329
5184,3335
5185,3334
5186,3337
5187,3338
5188,3331
5189,3335
5190,3338
5191,3339
5192,3339
5193,3342
5194,3341
5195,3342
5196,3343
5197,3343
5198,3344
5199,3345
5200,3343
5201,3349
5202,3345
5203,3348
5204,3347
5205,3349
5206,3342
5207,3350
5208,3350
5209,3352
5210,3349
5211,3354
5212,3353
5213,3346
5214,3346
5215,3352
5216,3358
5217,3365
5218,3346
5219,3345
5220,3378
5221,3352
5222,3356
5223,3360
5224,3361
5225,3355
5226,3355
5227,3371
5228,3370
5229,5102
5230,3368
5231,3368
5232,5144
5233,3400
5234,3428
5235,3588
5236,3363
5237,3367
5238,3368
5239,3367
5240,3369
5241,3364
5242,3371
5243,3372
5244,3374
5245,3369
5246,3377
5247,3374
5248,3369
5249,3372
5250,3376
5251,3377
5252,3377
5253,3378
5254,3380
5255,3378
5256,3379
5257,3375
5258,3382
5259,3380
5260,3382
5261,3383
5262,3374
5263,3380
5264,3383
5265,3386
5266,3376
5267,3376
5268,3384
5269,3385
5270,3388
5271,3384
5272,3380
5273,3382
5274,3389
5275,3386
5276,3391
5277,3393
5278,3392
5279,3393
5280,3394
5281,3396
5282,3396
5283,3395
5284,3396
5285,3398
5286,3397
5287,3389
5288,3400
5289,3402
5290,3403
5291,3403
5292,3402
5293,3401
5294,3404
5295,3399
5296,3404
5297,3405
5298,3407
5299,3406
5300,3407
5301,3408
5302,3403
5303,3409
5304,3412
5305,3411
5306,3411
5307,3412
5308,3412
5309,3414
5310,3415
5311,3415
5312,3412
5313,3414
5314,3415
5315,3416
5316,3415
5317,3418
5318,3413
5319,3418
5320,3420
5321,3420
5322,3422
5323,3423
5324,3423
5325,3421
5326,3423
5327,3424
5328,3423
5329,3419
5330,3418
5331,3427
5332,3428
5333,3429
5334,3429
5335,3436
5336,3429
5337,3430
5338,3427
5339,3430
5340,3432
5341,3434
5342,3432
5343,3436
5344,3428
5345,3434
5346,3435
5347,3429
5348,3436
5349,3437
5350,3441
5351,3440
5352,3435
5353,3433
5354,3441
5355,3442
5356,3435
5357,3436
5358,3435
5359,3438
5360,3443
5361,3442
5362,3447
5363,3439
5364,3440
5365,3449
5366,3448
5367,3445
5368,3442
5369,3443
5370,3457
5371,3454
5372,3442
5373,3443
5374,3446
5375,3445
5376,3446
5377,3446
5378,3456
5379,3456
5380,3452
5381,3456
5382,3452
5383,3452
5384,3459
5385,3459
5386,3458
5387,3458
5388,3458
5389,3455
5390,3464
5391,3459
5392,3466
5393,3457
5394,3465
5395,3466
5396,3462
5397,3460
5398,3468
5399,3464
5400,3470
5401,3462
5402,3465
5403,3470
5404,3473
5405,3475
5406,3473
5407,3474
5408,3476
5409,3474
5410,3475
5411,3478
5412,3469
5413,3478
5414,3479
5415,3474
5416,3476
5417,3483
5418,3483
5419,3483
5420,3482
5421,3483
5422,3483
5423,3485
5424,3479
5425,3489
5426,3476
5427,3477
5428,3479
5429,3480
5430,3480
5431,3480
5432,3481
5433,3481
5434,3482
5435,3482
5436,3482
5437,3484
5438,3490
5439,3489
5440,3492
5441,3488
5442,3493
5443,3497
5444,3500
5445,3499
5446,3497
5447,3496
5448,3509
5449,3493
5450,3503
5451,3502
5452,3503
5453,3503
5454,3506
5455,3506
5456,3504
5457,3501
5458,3499
5459,3506
5460,3508
5461,3507
5462,3508
5463,3509
5464,3511
5465,3511
5466,3511
5467,3511
5468,3512
5469,3510
5470,3512
5471,3515
5472,3513
5473,3507
5474,3517
5475,3515
5476,3516
5477,3518
5478,3520
5479,3518
5480,3520
5481,3514
5482,3521
5483,3521
5484,3523
5485,3522
5486,3526
5487,3527
5488,3527
5489,3528
5490,3525
5491,3527
5492,3526
5493,3528
5494,3529
5495,3530
5496,3531
5497,3532
5498,3530
5499,3533
5500,3531
5501,3535
5502,3535
5503,3535
5504,3534
5505,3529
5506,3536
5507,3539
5508,3539
5509,3537
5510,3539
5511,3542
5512,3542
5513,3540
5514,3540
5515,3547
5516,3536
5517,3550
5518,4945
5519,3548
5520,3536
5521,3661
5522,3689
5523,3543
5524,3546
5525,3546
5526,3546
5527,3548
5528,3549
5529,3550
5530,3545
5531,3555
5532,3553
5533,3553
5534,3556
5535,3555
5536,3549
5537,3555
5538,3550
5539,3557
5540,3557
5541,3550
5542,3557
5543,3561
5544,3561
5545,3556
5546,3561
5547,3563
5548,3559
5549,3559
5550,3565
5551,3559
5552,3564
5553,3567
5554,3567
5555,3567
5556,3564
5557,3569
5558,3567
5559,3571
5560,3571
5561,3574
5562,3566
5563,3565
5564,3572
5565,3574
5566,3568
5567,3569
5568,3574
5569,3575
5570,3578
5571,3572
5572,3580
5573,3578
5574,3579
5575,3581
5576,3581
5577,3580
5578,3582
5579,3586
5580,3582
5581,3582
5582,3580
5583,3585
5584,3586
5585,3586
5586,3581
5587,3581
5588,3589
5589,3588
5590,3588
5591,3583
5592,3591
5593,3591
5594,3587
5595,3593
5596,3594
5597,3586
5598,3596
5599,3598
5600,3595
5601,3598
5602,3598
5603,3597
5604,3600
5605,3599
5606,3597
5607,3601
5608,3601
5609,3601
5610,3602
5611,3603
5612,3601
5613,3604
5614,3604
5615,3605
5616,3606
5617,3599
5618,3606
5619,3608
5620,3608
5621,3610
5622,3603
5623,3609
5624,3611
5625,3611
5626,3613
5627,3613
5628,3613
5629,3610
5630,3614
5631,3616
5632,3612
5633,3617
5634,3618
5635,3615
5636,3618
5637,3621
5638,3618
5639,3615
5640,3620
5641,3622
5642,3623
5643,3622
5644,3619
5645,3619
5646,3624
5647,3625
5648,3626
5649,3618
5650,3624
5651,3624
5652,3628
5653,3627
5654,3629
5655,3631
5656,3631
5657,3628
5658,3631
5659,3634
5660,3633
5661,3632
5662,3636
5663,3637
5664,3637
5665,3629
5666,3636
5667,3632
5668,3637
5669,3640
5670,3663
5671,3642
5672,3641
5673,3642
5674,3646
5675,3642
5676,3642
5677,3642
5678,3646
5679,3644
5680,3647
5681,3647
5682,3648
5683,3648
5684,3644
5685,3643
5686,3650
5687,3652
5688,3647
5689,3649
5690,3652
5691,3655
5692,3654
5693,3654
5694,3653
5695,3654
5696,3655
5697,3657
5698,3656
5699,3657
5700,3659
5701,3654
5702,3659
5703,3661
5704,3662
5705,3664
5706,3663
5707,3662
5708,3664
5709,3665
5710,3664
5711,3665
5712,3668
5713,3667
5714,3668
5715,3674
5716,3679
5717,3671
5718,3661
5719,3669
5720,3675
5721,3673
5722,3680
5723,3665
5724,3669
5725,3680
5726,3670
5727,3673
5728,3670
5729,3667
5730,3672
5731,3669
5732,3674
5733,3670
5734,3672
5735,3681
5736,3672
5737,3683
5738,3673
5739,3674
5740,3684
5741,3684
5742,3689
5743,3685
5744,3684
5745,3689
5746,3685
5747,3682
5748,3688
5749,3687
5750,3691
5751,3693
5752,3690
5753,3691
5754,3693
5755,3694
5756,3686
5757,3695
5758,3690
5759,3690
5760,3693
5761,3697
5762,3692
5763,3698
5764,3698
5765,3699
5766,3699
5767,3702
5768,3701
5769,3694
5770,3705
5771,3702
5772,3704
5773,3702
5774,3704
5775,3706
5776,3705
5777,3706
5778,3707
5779,3709
5780,3710
5781,3701
5782,3707
5783,3701
5784,3712
5785,3712
5786,3703
5787,3699
5788,3712
5789,3714
5790,3715
5791,3729
5792,3720
5793,3720
5794,5343
5795,3724
5796,5119
5797,4045
5798,3712
5799,3978
5800,3720
5801,3712
5802,3714
5803,3723
5804,3717
5805,3723
5806,3721
5807,3717
5808,3720
5809,3727
5810,3722
5811,3729
5812,3728
5813,3730
5814,3730
5815,3725
5816,3732
5817,3730
5818,3731
5819,3731
5820,3733
5821,3728
5822,3735
5823,3731
5824,3737
5825,3736
5826,3735
5827,3738
5828,3739
5829,3732
5830,3738
5831,3735
5832,3737
5833,3738
5834,3740
5835,3745
5836,3744
5837,3744
5838,3745
5839,3741
5840,3747
5841,3750
5842,3750
5843,3746
5844,3746
5845,3749
5846,3742
5847,3746
5848,3744
5849,3752
5850,3753
5851,3746
5852,3745
5853,3743
5854,3744
5855,3745
5856,3748
5857,3748
5858,3749
5859,3752
5860,3750
5861,3751
5862,3751
5863,3752
5864,3758
5865,3758
5866,3755
5867,3763
5868,3762
5869,3765
5870,3760
5871,3767
5872,3759
5873,3765
5874,3772
5875,3770
5876,3769
5877,3770
5878,3769
5879,3770
5880,3772
5881,3771
5882,3774
5883,3773
5884,3775
5885,3775
5886,3775
5887,3775
5888,3768
5889,3776
5890,3770
5891,3778
5892,3779
5893,3780
5894,3781
5895,3780
5896,3779
5897,3783
5898,3782
5899,3784
5900,3784
5901,3785
5902,3786
5903,3785
5904,3785
5905,3788
5906,3787
5907,3786
5908,3788
5909,3789
5910,3781
5911,3791
5912,3785
5913,3794
5914,3795
5915,3791
5916,3786
5917,3795
5918,3794
5919,3796
5920,3798
5921,3798
5922,3798
5923,3797
5924,3799
5925,3800
5926,3799
5927,3798
5928,3802
5929,3801
5930,3804
5931,3804
5932,3804
5933,3805
5934,3803
5935,3809
5936,3812
5937,3806
5938,3809
5939,3807
5940,3811
5941,3809
5942,3811
5943,3811
5944,3807
5945,3815
5946,3804
5947,3819
5948,3808
5949,3814
5950,3815
5951,3814
5952,3818
5953,3816
5954,3817
5955,3820
5956,3817
5957,3818
5958,3820
5959,3819
5960,3823
5961,3820
5962,3822
5963,3824
5964,3823
5965,3827
5966,3825
5967,3822
5968,3825
5969,3825
5970,3828
5971,3828
5972,3828
5973,3829
5974,3829
5975,3831
5976,3831
5977,3832
5978,3834
5979,3834
5980,3836
5981,3836
5982,3838
5983,3836
5984,3838
5985,3838
5986,3831
5987,3838
5988,3837
5989,3840
5990,3840
5991,3840
5992,3840
5993,3845
5994,3841
5995,3845
5996,3846
5997,3839
5998,3845
5999,3846
6000,3848
6001,3850
6002,3847
6003,3850
6004,3849
6005,3850
6006,3852
6007,3851
6008,3851
6009,3851
6010,3853
6011,3855
6012,3852
6013,3853
6014,3853
6015,3855
6016,3851
6017,3849
6018,3857
6019,3859
6020,3860
6021,3859
6022,3861
6023,3862
6024,3861
6025,3861
6026,3863
6027,3863
6028,3865
6029,3866
6030,3867
6031,3867
6032,3866
6033,3867
6034,3868
6035,3869
6036,3866
6037,3869
6038,3872
6039,3869
6040,3868
6041,3875
6042,3874
6043,3877
6044,3866
6045,3872
6046,3902
6047,3869
6048,3879
6049,3880
6050,3884
6051,3881
6052,3870
6053,3874
6054,3891
6055,5141
6056,3888
6057,3873
6058,3874
6059,4201
6060,3877
6061,3882
6062,3884
6063,3879
6064,3878
6065,3886
6066,3887
6067,3889
6068,3886
6069,3888
6070,3884
6071,3887
6072,3893
6073,3892
6074,3894
6075,3894
6076,3896
6077,3890
6078,3895
6079,3897
6080,3896
6081,3899
6082,3898
6083,3900
6084,3899
6085,3894
6086,3900
6087,3900
6088,3903
6089,3902
6090,3904
6091,3902
6092,3904
6093,3906
6094,3906
6095,3906
6096,3904
6097,3903
6098,3909
6099,3909
6100,3903
6101,3910
6102,3910
6103,3912
6104,3914
6105,3913
6106,3908
6107,3916
6108,3910
6109,3914
6110,3914
6111,3914
6112,3917
6113,3916
6114,3914
6115,3920
6116,3919
6117,3921
6118,3915
6119,3915
6120,3922
6121,3921
6122,3923
6123,3926
6124,3926
6125,3925
6126,3926
6127,3926
6128,3927
6129,3926
6130,3927
6131,3930
6132,3923
6133,3923
6134,3930
6135,3927
6136,3925
6137,3933
6138,3934
6139,3934
6140,3935
6141,3935
6142,3935
6143,3928
6144,3938
6145,3937
6146,3940
6147,3939
6148,3941
6149,3942
6150,3940
6151,3941
6152,3942
6153,3942
6154,3944
6155,3943
6156,3943
6157,3945
6158,3941
6159,3944
6160,3947
6161,3944
6162,3951
6163,3947
6164,3950
6165,3951
6166,3950
6167,3954
6168,3951
6169,3952
6170,3953
6171,3948
6172,3950
6173,3955
6174,3953
6175,3956
6176,3953
6177,3956
6178,3960
6179,3958
6180,3961
6181,3959
6182,3961
6183,3961
6184,3965
6185,3964
6186,3961
6187,3962
6188,3957
6189,3966
6190,3964
6191,3966
6192,3957
6193,3959
6194,3968
6195,3968
6196,3969
6197,3972
6198,3973
6199,3970
6200,3964
6201,3969
6202,3966
6203,3977
6204,3975
6205,3976
6206,3976
6207,3976
6208,3974
6209,3979
6210,3974
6211,3977
6212,3979
6213,3979
6214,3981
6215,3984
6216,3982
6217,3981
6218,3983
6219,3984
6220,3983
6221,3984
6222,3985
6223,3985
6224,3985
6225,3987
6226,3989
6227,3995
6228,3987
6229,3991
6230,3992
6231,3991
6232,3991
6233,3992
6234,3990
6235,3994
6236,3994
6237,3988
6238,3995
6239,3997
6240,3998
6241,3995
6242,3994
6243,3998
6244,3999
6245,4001
6246,4003
6247,4003
6248,4003
6249,4006
6250,4006
6251,4006
6252,3995
6253,3996
6254,3997
6255,3997
6256,3996
6257,3998
6258,3998
6259,3999
6260,4000
6261,4008
6262,4008
6263,4008
6264,4012
6265,4006
6266,4014
6267,4007
6268,4017
6269,4010
6270,4016
6271,4011
6272,4017
6273,4015
6274,4012
6275,4020
6276,4022
6277,4013
6278,4021
6279,4022
6280,4023
6281,4022
6282,4025
6283,4025
6284,4042
6285,4016
6286,4025
6287,4026
6288,4048
6289,4028
6290,4028
6291,4028
6292,4031
6293,4030
6294,4031
6295,4031
6296,4032
6297,4030
6298,4034
6299,4030
6300,4033
6301,4039
6302,4030
6303,4036
6304,4037
6305,4031
6306,4045
6307,4088
6308,5502
6309,4095
6310,5850
6311,4166
6312,4249
6313,4068
6314,4043
6315,4061
6316,4062
6317,4063
6318,4059
6319,4052
6320,4046
6321,4053
6322,4052
6323,4044
6324,4049
6325,4045
6326,4051
6327,4053
6328,4057
6329,4051
6330,4055
6331,4055
6332,4054
6333,4056
6334,4056
6335,4055
6336,4051
6337,4058
6338,4059
6339,4058
6340,4062
6341,4060
6342,4062
6343,4062
6344,4056
6345,4053
6346,4061
6347,4064
6348,4065
6349,4070
6350,4071
6351,4071
6352,4059
6353,4065
6354,4067
6355,4071
6356,4071
6357,4068
6358,4068
6359,4063
6360,4062
6361,4071
6362,4071
6363,4066
6364,4066
6365,4065
6366,4073
6367,4068
6368,4067
6369,4074
6370,4078
6371,4073
6372,4080
6373,4071
6374,4072
6375,4073
6376,4082
6377,4071
6378,4083
6379,4086
6380,4080
6381,4079
6382,4080
6383,4080
6384,4078
6385,4083
6386,4088
6387,4088
6388,4090
6389,4089
6390,4091
6391,4091
6392,4087
6393,4093
6394,4093
6395,4093
6396,4096
6397,4094
6398,4095
6399,4096
6400,4097
6401,4096
6402,4100
6403,4094
6404,4101
6405,4093
6406,4101
6407,4104
6408,4101
6409,4103
6410,4103
6411,4104
6412,4105
6413,4106
6414,4100
6415,4109
6416,4107
6417,4105
6418,4108
6419,4101
6420,4112
6421,4108
6422,4109
6423,4112
6424,4107
6425,4111
6426,4116
6427,4113
6428,4115
6429,4117
6430,4117
6431,4112
6432,4118
6433,4118
6434,4119
6435,4120
6436,4113
6437,4125
6438,4142
6439,4123
6440,4122
6441,4121
6442,4115
6443,4123
6444,4123
6445,4125
6446,4129
6447,4121
6448,4126
6449,4128
6450,4129
6451,4130
6452,4124
6453,4129
6454,4130
6455,4131
6456,4133
6457,4133
6458,4136
6459,4133
6460,4135
6461,4134
6462,4136
6463,4126
6464,4136
6465,4138
6466,4140
6467,4141
6468,4139
6469,4140
6470,4140
6471,4145
6472,4145
6473,4144
6474,4147
6475,4144
6476,4144
6477,4147
6478,4146
6479,4147
6480,4143
6481,4149
6482,4150
6483,4150
6484,4152
6485,4152
6486,4151
6487,4153
6488,4152
6489,4154
6490,4152
6491,4154
6492,4155
6493,4158
6494,4155
6495,4158
6496,4152
6497,4160
6498,4159
6499,4158
6500,4161
6501,4161
6502,4154
6503,4162
6504,4164
6505,4164
6506,4166
6507,4166
6508,4167
6509,4166
6510,4166
6511,4169
6512,4167
6513,4170
6514,4171
6515,4170
6516,4174
6517,4170
6518,4171
6519,4171
6520,4172
6521,4174
6522,4174
6523,4173
6524,4176
6525,4175
6526,4177
6527,4180
6528,4179
6529,4181
6530,4179
6531,4180
6532,4175
6533,4181
6534,4179
6535,4182
6536,4185
6537,4185
6538,4185
6539,4184
6540,4186
6541,4186
6542,4185
6543,4186
6544,4189
6545,4188
6546,4189
6547,4186
6548,4185
6549,4198
6550,5413
6551,4194
6552,4184
6553,4509
6554,4185
6555,4194
6556,4190
6557,4189
6558,4191
6559,4191
6560,4201
6561,4191
6562,4191
6563,4202
6564,4200
6565,4202
6566,4199
6567,4202
6568,4196
6569,4203
6570,4199
6571,4202
6572,4207
6573,4199
6574,4204
6575,4207
6576,4206
6577,4210
6578,4210
6579,4212
6580,4212
6581,4213
6582,4210
6583,4208
6584,4213
6585,4215
6586,4214
6587,4215
6588,4217
6589,4213
6590,4217
6591,4217
6592,4217
6593,4219
6594,4218
6595,4220
6596,4219
6597,4222
6598,4219
6599,4223
6600,4225
6601,4224
6602,4226
6603,4225
6604,4227
6605,4224
6606,4222
6607,4219
6608,4227
6609,4219
6610,4228
6611,4229
6612,4230
6613,4230
6614,4233
6615,4231
6616,4234
6617,4233
6618,4235
6619,4236
6620,4236
6621,4239
6622,4237
6623,4230
6624,4242
6625,4229
6626,4230
6627,4231
6628,4234
6629,4234
6630,4234
6631,4233
6632,4234
6633,4234
6634,4236
6635,4236
6636,4236
6637,4242
6638,4242
6639,4249
6640,4247
6641,4246
6642,4250
6643,4246
6644,4250
6645,4245
6646,4251
6647,4254
6648,4248
6649,4254
6650,4254
6651,4246
6652,4255
6653,4248
6654,4256
6655,4257
6656,4257
6657,4257
6658,4252
6659,4250
6660,4252
6661,4251
6662,4253
6663,4252
6664,4263
6665,4256
6666,4260
6667,4259
6668,4259
6669,4259
6670,4261
6671,4263
6672,4262
6673,4263
6674,4260
6675,4264
6676,4269
6677,4267
6678,4271
6679,4280
6680,4267
6681,4268
6682,4268
6683,4276
6684,4289
6685,4282
6686,4279
6687,4278
6688,4278
6689,4281
6690,4279
6691,4275
6692,4282
6693,4280
6694,4283
6695,4276
6696,4285
6697,4277
6698,4283
6699,4284
6700,4278
6701,4286
6702,4287
6703,4287
6704,4286
6705,4288
6706,4283
6707,4289
6708,4293
6709,4292
6710,4286
6711,4293
6712,4295
6713,4293
6714,4295
6715,4298
6716,4296
6717,4293
6718,4302
6719,4300
6720,4299
6721,4297
6722,4291
6723,4301
6724,4303
6725,4301
6726,4301
6727,4295
6728,4305
6729,4302
6730,4304
6731,4307
6732,4299
6733,4305
6734,4308
6735,4309
6736,4308
6737,4305
6738,4308
6739,4312
6740,5244
6741,4313
6742,4460
6743,4520
6744,4314
6745,4316
6746,4309
6747,4314
6748,4315
6749,4318
6750,4323
6751,4312
6752,4317
6753,4312
6754,4312
6755,4321
6756,4322
6757,4323
6758,4322
6759,4325
6760,4319
6761,4325
6762,4325
6763,4323
6764,4326
6765,4328
6766,4329
6767,4328
6768,4331
6769,4323
6770,4323
6771,4331
6772,4331
6773,4332
6774,4332
6775,4334
6776,4334
6777,4326
6778,4336
6779,4336
6780,4337
6781,4342
6782,4335
6783,4350
6784,5917
6785,4349
6786,6642
6787,4349
6788,4677
6789,4344
6790,4338
6791,4343
6792,4337
6793,4345
6794,4346
6795,4346
6796,4335
6797,4346
6798,4340
6799,4349
6800,4348
6801,4341
6802,4351
6803,4345
6804,4351
6805,4351
6806,4355
6807,4355
6808,4353
6809,4355
6810,4348
6811,4354
6812,4358
6813,4357
6814,4361
6815,4361
6816,4360
6817,4359
6818,4360
6819,4360
6820,4360
6821,4364
6822,4363
6823,4364
6824,4363
6825,4365
6826,4363
6827,4358
6828,4366
6829,4368
6830,4368
6831,4365
6832,4368
6833,4368
6834,4370
6835,4363
6836,4372
6837,4374
6838,4371
6839,4374
6840,4374
6841,4370
6842,4371
6843,4375
6844,4373
6845,4375
6846,4380
6847,4377
6848,4378
6849,4380
6850,4377
6851,4383
6852,4377
6853,4374
6854,4383
6855,4383
6856,4384
6857,4383
6858,4386
6859,4384
6860,4386
6861,4385
6862,4385
6863,4389
6864,4388
6865,4387
6866,4389
6867,4390
6868,4390
6869,4394
6870,4393
6871,4396
6872,4394
6873,4395
6874,4396
6875,4395
6876,4392
6877,4399
6878,4399
6879,4398
6880,4401
6881,4400
6882,4399
6883,4419
6884,4401
6885,4402
6886,4404
6887,4405
6888,4397
6889,4404
6890,4406
6891,4406
6892,4399
6893,4405
6894,4407
6895,4405
6896,4408
6897,4411
6898,4403
6899,4412
6900,4409
6901,4405
6902,4413
6903,4415
6904,4412
6905,4421
6906,4408
6907,4417
6908,4418
6909,4417
6910,4420
6911,4419
6912,4418
6913,4421
6914,4416
6915,4421
6916,4422
6917,4422
6918,4422
6919,4422
6920,4422
6921,4424
6922,4427
6923,4425
6924,4424
6925,4426
6926,4427
6927,4427
6928,4427
6929,4431
6930,4432
6931,4432
6932,4431
6933,4433
6934,4429
6935,4435
6936,4431
6937,4435
6938,4437
6939,4435
6940,4436
6941,4436
6942,4438
6943,4439
6944,4441
6945,4441
6946,4441
6947,4439
6948,4440
6949,4445
6950,4447
6951,4446
6952,4441
6953,4439
6954,4444
6955,4441
6956,4441
6957,4448
6958,4451
6959,4441
6960,4442
6961,4444
6962,4455
6963,4450
6964,4450
6965,4454
6966,4447
6967,4449
6968,4455
6969,4454
6970,4456
6971,4457
6972,4455
6973,4460
6974,4453
6975,4461
6976,4459
6977,4458
6978,4452
6979,4451
6980,4453
6981,4454
6982,4454
6983,4454
6984,4455
6985,4455
6986,4457
6987,4464
6988,4458
6989,4464
6990,4467
6991,4467
6992,4468
6993,4470
6994,4472
6995,4470
6996,4472
6997,4472
6998,4475
6999,4474
7000,4473
7001,4477
7002,4475
7003,4475
7004,4478
7005,4476
7006,4478
7007,4478
7008,4480
7009,4474
7010,5981
7011,4564
7012,4473
7013,4783
7014,4475
7015,4482
7016,4475
7017,4481
7018,4483
7019,4482
7020,4485
7021,4482
7022,4487
7023,4490
7024,4494
7025,4491
7026,4492
7027,4490
7028,4483
7029,4486
7030,4491
7031,4485
7032,4494
7033,4496
7034,4497
7035,4496
7036,4489
7037,4494
7038,4498
7039,4492
7040,4498
7041,4501
7042,4502
7043,4500
7044,4501
7045,4503
7046,4505
7047,4505
7048,4503
7049,4503
7050,4507
7051,4500
7052,4501
7053,4507
7054,4509
7055,4511
7056,4503
7057,4508
7058,4512
7059,4512
7060,4507
7061,4512
7062,4513
7063,4513
7064,4515
7065,4508
7066,4512
7067,4517
7068,4516
7069,4517
7070,4517
7071,4519
7072,4519
7073,4513
7074,4519
7075,4518
7076,4534
7077,4517
7078,4516
7079,4525
7080,4526
7081,4521
7082,4524
7083,4525
7084,4527
7085,4528
7086,4529
7087,4529
7088,4526
7089,4528
7090,4531
7091,4530
7092,4531
7093,4533
7094,4532
7095,4537
7096,4535
7097,4535
7098,4536
7099,4539
7100,4538
7101,4541
7102,4539
7103,4537
7104,4538
7105,4540
7106,4556
7107,4536
7108,4536
7109,4543
7110,4544
7111,4544
7112,4545
7113,4545
7114,4546
7115,4545
7116,4549
7117,4547
7118,4548
7119,4539
7120,4541
7121,4549
7122,4551
7123,4544
7124,4552
7125,4547
7126,4549
7127,4554
7128,4556
7129,4552
7130,4558
7131,4556
7132,4555
7133,4560
7134,4561
7135,4574
7136,4553
7137,4550
7138,4555
7139,4562
7140,4558
7141,4566
7142,4558
7143,4565
7144,4565
7145,4566
7146,4566
7147,4557
7148,4567
7149,4567
7150,4567
7151,4563
7152,4570
7153,4569
7154,4570
7155,4570
7156,4575
7157,4572
7158,4572
7159,4572
7160,4575
7161,4577
7162,4574
7163,4582
7164,4629
7165,4573
7166,4572
7167,4578
7168,4575
7169,4580
7170,4580
7171,4584
7172,4584
7173,4582
7174,4584
7175,4588
7176,4589
7177,4589
7178,4577
7179,4578
7180,4581
7181,4591
7182,4588
7183,4581
7184,4582
7185,4583
7186,4585
7187,4590
7188,4584
7189,4587
7190,4587
7191,4596
7192,4593
7193,4596
7194,4600
7195,4601
7196,4592
7197,4594
7198,4598
7199,4598
7200,4600
7201,4593
7202,4603
7203,4600
7204,4601
7205,4601
7206,4597
7207,4604
7208,4605
7209,4599
7210,4608
7211,4607
7212,4602
7213,4610
7214,4604
7215,4609
7216,4609
7217,4605
7218,4608
7219,4609
7220,4611
7221,4615
7222,4616
7223,4605
7224,4615
7225,4619
7226,4603
7227,4608
7228,4615
7229,4627
7230,5940
7231,4631
7232,6240
7233,4627
7234,4926
7235,4624
7236,4615
7237,4623
7238,4614
7239,4617
7240,4616
7241,4626
7242,4626
7243,4628
7244,4620
7245,4629
7246,4628
7247,4632
7248,4624
7249,4630
7250,4629
7251,4630
7252,4632
7253,4627
7254,4628
7255,4632
7256,4635
7257,4636
7258,4636
7259,4634
7260,4636
7261,4637
7262,4637
7263,4638
7264,4640
7265,4640
7266,4633
7267,4631
7268,4633
7269,4632
7270,4634
7271,4646
7272,4638
7273,4646
7274,4645
7275,4645
7276,4638
7277,4639
7278,4639
7279,4647
7280,4641
7281,4648
7282,4642
7283,4652
7284,4656
7285,4657
7286,4660
7287,4645
7288,4647
7289,4655
7290,4649
7291,4658
7292,4658
7293,4659
7294,4660
7295,4660
7296,4660
7297,4656
7298,4653
7299,4659
7300,4661
7301,4662
7302,4665
7303,4663
7304,4662
7305,4662
7306,4666
7307,4665
7308,4669
7309,4671
7310,4669
7311,4668
7312,4672
7313,4670
7314,4670
7315,4663
7316,4663
7317,4663
7318,4666
7319,4667
7320,4664
7321,4667
7322,4667
7323,4672
7324,4675
7325,4677
7326,4678
7327,4678
7328,4681
7329,4680
7330,4683
7331,4680
7332,4682
7333,4681
7334,4683
7335,4686
7336,4683
7337,4687
7338,4680
7339,4687
7340,4686
7341,4684
7342,4688
7343,4689
7344,4690
7345,4692
7346,4691
7347,4689
7348,4692
7349,4692
7350,4694
7351,4687
7352,4693
7353,4696
7354,4697
7355,4696
7356,4699
7357,4699
7358,4696
7359,4696
7360,4700
7361,4702
7362,4694
7363,4702
7364,4696
7365,4704
7366,4703
7367,4702
7368,4706
7369,4706
7370,4706
7371,4704
7372,4708
7373,4707
7374,4708
7375,4709
7376,4700
7377,4710
7378,4711
7379,4709
7380,4710
7381,4713
7382,4715
7383,4713
7384,4714
7385,4712
7386,4716
7387,4717
7388,4719
7389,4716
7390,4721
7391,4720
7392,4720
7393,4721
7394,4723
7395,4711
7396,4721
7397,4724
7398,4724
7399,4726
7400,4719
7401,4725
7402,4726
7403,4726
7404,4729
7405,4730
7406,4729
7407,4730
7408,4728
7409,4729
7410,4732
7411,4733
7412,4731
7413,4733
7414,4735
7415,4732
7416,4736
7417,4734
7418,4737
7419,4738
7420,4736
7421,4737
7422,4739
7423,4739
7424,4738
7425,4743
7426,4743
7427,4746
7428,4743
7429,4743
7430,4746
7431,4742
7432,4745
7433,4747
7434,4746
7435,4746
7436,4747
7437,4750
7438,4742
7439,4751
7440,4750
7441,4749
7442,4781
7443,6111
7444,4756
7445,4882
7446,4963
7447,4753
7448,4744
7449,4754
7450,4757
7451,4757
7452,4753
7453,4759
7454,4759
7455,4750
7456,4761
7457,4762
7458,4764
7459,4763
7460,4763
7461,4758
7462,4764
7463,4766
7464,4766
7465,4765
7466,4767
7467,4758
7468,4761
7469,4760
7470,4770
7471,4775
7472,4771
7473,4772
7474,4769
7475,4772
7476,4771
7477,4773
7478,4771
7479,4775
7480,4771
7481,4775
7482,4779
7483,4777
7484,4778
7485,4780
7486,4781
7487,4781
7488,4776
7489,4778
7490,4784
7491,4771
7492,4772
7493,4775
7494,4777
7495,4779
7496,4784
7497,4783
7498,4780
7499,4785
7500,4776
7501,4784
7502,4791
7503,4788
7504,4784
7505,4785
7506,4792
7507,4793
7508,4793
7509,4795
7510,4795
7511,4796
7512,4797
7513,4798
7514,4789
7515,4799
7516,4791
7517,4791
7518,4798
7519,4798
7520,4801
7521,4801
7522,4803
7523,4798
7524,4804
7525,4804
7526,4796
7527,4804
7528,4798
7529,4804
7530,4807
7531,4807
7532,4811
7533,4800
7534,4806
7535,4810
7536,4812
7537,4812
7538,4807
7539,4813
7540,4812
7541,4815
7542,4815
7543,4815
7544,4817
7545,4818
7546,4816
7547,4819
7548,4814
7549,4814
7550,4817
7551,4823
7552,4823
7553,4813
7554,4825
7555,4824
7556,4817
7557,4824
7558,4829
7559,4821
7560,4824
7561,4825
7562,4829
7563,4831
7564,4821
7565,4828
7566,4829
7567,4828
7568,4831
7569,4833
7570,4831
7571,4834
7572,4831
7573,4832
7574,4833
7575,4833
7576,4837
7577,4837
7578,4836
7579,4837
7580,4837
7581,4837
7582,4831
7583,4841
7584,4843
7585,4843
7586,4842
7587,4843
7588,4844
7589,4842
7590,4839
7591,4845
7592,4848
7593,4850
7594,4850
7595,4839
7596,4844
7597,4849
7598,4842
7599,4846
7600,4846
7601,4853
7602,4852
7603,4846
7604,4844
7605,4853
7606,4854
7607,4855
7608,4852
7609,4856
7610,4856
7611,4852
7612,4860
7613,4859
7614,4860
7615,4860
7616,4857
7617,4861
7618,4861
7619,4864
7620,4864
7621,4865
7622,4864
7623,4867
7624,4865
7625,4864
7626,4865
7627,4866
7628,4867
7629,4868
7630,4873
7631,4882
7632,4885
7633,4890
7634,4886
7635,4880
7636,4881
7637,4866
7638,4865
7639,4877
7640,5137
7641,14048
7642,5078
7643,4991
7644,12489
7645,8537
7646,8546
7647,8938
7648,8945
7649,8590
7650,8768
7651,8587
7652,8693
7653,8601
7654,8525
7655,8720
7656,8888
7657,8193
7658,9105
7659,12011
7660,8580
7661,8237
7662,8593
7663,4895
7664,5131
7665,4889
7666,4884
7667,4885
7668,4885
7669,4895
7670,4889
7671,4893
7672,4893
7673,4896
7674,4894
7675,4898
7676,4890
7677,5017
7678,4901
7679,4901
7680,4900
7681,4903
7682,4899
7683,4901
7684,4904
7685,8074
7686,8308
7687,8168
7688,5473
7689,5210
7690,6005
7691,5332
7692,5117
7693,5870
7694,5511
7695,5179
7696,5499
7697,5480
7698,5221
7699,5872
7700,5548
7701,5125
7702,5772
7703,5647
7704,5285
7705,5817
7706,5667
7707,5253
7708,5739
7709,5762
7710,5136
7711,5850
7712,5718
7713,5209
7714,6018
7715,5656
7716,5258
7717,6318
7718,5770
7719,5158
7720,6383
7721,6131
7722,5169
7723,6217
7724,6179
7725,5893
7726,5252
7727,5896
7728,5845
7729,5296
7730,6336
7731,6318
7732,5092
7733,6342
7734,6246
7735,5794
7736,5178
7737,6306
7738,5835
7739,5264
7740,5838
7741,5972
7742,5297
7743,6293
7744,6117
7745,5793
7746,5294
7747,5973
7748,5791
7749,5172
7750,5935
7751,5690
7752,5250
7753,5123
7754,5000
7755,4942
7756,4948
7757,4966
7758,4951
7759,4942
7760,4944
7761,4944
7762,4944
7763,6568
7764,5858
7765,5310
7766,6506
7767,6238
7768,6152
7769,5331
7770,6287
7771,5895
7772,5180
7773,6026
7774,5867
7775,5216
7776,6015
7777,5872
7778,5366
7779,5519
7780,5980
7781,5712
7782,5318
7783,6146
7784,5687
7785,5183
7786,5711
7787,5770
7788,5238
7789,5755
7790,5650
7791,5303
7792,5788
7793,5672
7794,5194
7795,5757
7796,5730
7797,5247
7798,5106
7799,5073
7800,4976
7801,4971
7802,4978
7803,4979
7804,4980
7805,4981
7806,4973
7807,4979
7808,4973
7809,4976
7810,4982
7811,4981
7812,4979
7813,4982
7814,5081
7815,4981
7816,4991
7817,4992
7818,8213
7819,5054
7820,5234
7821,4981
7822,4987
7823,4991
7824,4985
7825,4989
7826,4991
7827,4992
7828,4994
7829,4986
7830,4993
7831,4995
7832,4988
7833,4997
7834,4993
7835,4991
7836,4993
7837,5004
7838,5002
7839,5002
7840,5003
7841,5003
7842,5003
7843,5003
7844,5005
7845,5004
7846,5002
7847,4998
7848,5003
7849,5006
7850,5005
7851,5008
7852,5009
7853,5008
7854,5009
7855,5003
7856,5012
7857,5014
7858,5009
7859,5005
7860,5013
7861,5015
7862,5014
7863,5014
7864,5012
7865,5010
7866,5019
7867,5013
7868,5019
7869,5013
7870,5083
7871,5014
7872,5022
7873,5022
7874,5022
7875,5016
7876,5024
7877,5022
7878,5025
7879,5025
7880,5026
7881,5027
7882,5045
7883,5029
7884,5030
7885,5030
7886,5033
7887,5029
7888,5025
7889,5032
7890,5033
7891,5035
7892,5036
7893,5034
7894,5038
7895,5030
7896,5037
7897,5038
7898,5038
7899,5033
7900,5040
7901,5037
7902,5039
7903,5035
7904,5043
7905,5044
7906,5044
7907,5037
7908,5038
7909,5043
7910,5044
7911,5044
7912,5041
7913,5047
7914,5072
7915,5072
7916,5064
7917,5067
7918,7915
7919,5434
7920,5042
7921,5041
7922,5042
7923,5043
7924,5043
7925,5053
7926,5052
7927,5058
7928,5061
7929,5058
7930,5058
7931,5050
7932,5061
7933,5058
7934,5058
7935,5055
7936,5059
7937,5070
7938,5061
7939,5061
7940,5064
7941,5064
7942,5066
7943,5104
7944,5066
7945,5062
7946,5066
7947,5069
7948,5063
7949,5060
7950,5067
7951,5070
7952,5064
7953,5070
7954,5071
7955,5075
7956,5073
7957,5103
7958,7817
7959,5300
7960,5127
7961,5080
7962,5070
7963,5077
7964,5073
7965,5077
7966,5078
7967,5075
7968,5074
7969,8003
7970,5444
7971,5109
7972,5080
7973,5078
7974,6513
7975,5439
7976,5080
7977,5083
7978,5082
7979,5089
7980,5087
7981,5086
7982,5085
7983,5085
7984,5083
7985,5092
7986,5093
7987,5093
7988,5094
7989,5093
7990,5088
7991,5089
7992,5091
7993,5095
7994,5097
7995,5097
7996,5100
7997,5098
7998,5093
7999,5100
8000,5100
8001,5094
8002,14236
8003,5153
8004,13870
8005,9466
8006,9662
8007,15145
8008,9956
8009,14115
8010,9471
8011,9336
8012,13390
8013,10084
8014,9650
8015,9279
8016,12720
8017,9131
8018,8185
8019,7892
8020,8030
8021,7990
8022,8044
8023,5716
8024,5449
8025,6032
8026,5718
8027,5511
8028,6168
8029,5946
8030,5749
8031,5570
8032,5527
8033,5873
8034,5418
8035,5634
8036,5627
8037,5467
8038,5590
8039,5667
8040,5526
8041,8291
8042,8083
8043,5196
8044,5451
8045,5132
8046,5132
8047,5131
8048,5127
8049,5130
8050,5133
8051,5135
8052,5134
8053,5131
8054,5125
8055,5135
8056,5134
8057,5135
8058,5136
8059,5133
8060,5139
8061,5140
8062,5143
8063,5143
8064,5144
8065,5142
8066,5144
8067,5145
8068,5149
8069,5141
8070,5145
8071,5146
8072,5147
8073,5141
8074,5145
8075,5151
8076,5152
8077,5153
8078,5143
8079,5148
8080,5151
8081,5150
8082,5152
8083,5155
8084,5148
8085,5153
8086,5153
8087,5157
8088,5151
8089,5158
8090,5153
8091,5156
8092,5424
8093,5159
8094,5155
8095,5224
8096,5156
8097,5165
8098,5157
8099,5159
8100,5156
8101,5158
8102,5163
8103,5167
8104,5168
8105,5167
8106,5168
8107,5169
8108,5168
8109,5170
8110,5164
8111,5171
8112,5177
8113,5172
8114,5167
8115,5174
8116,5173
8117,5174
8118,5175
8119,5176
8120,5170
8121,5177
8122,5181
8123,5178
8124,5177
8125,5180
8126,5183
8127,5176
8128,5184
8129,5182
8130,5181
8131,5184
8132,5182
8133,5185
8134,5187
8135,5184
8136,5187
8137,5186
8138,5190
8139,5182
8140,5191
8141,5192
8142,5191
8143,5190
8144,5190
8145,5199
8146,5187
8147,5194
8148,5196
8149,5190
8150,5196
8151,5198
8152,5188
8153,5194
8154,5197
8155,5198
8156,5195
8157,5199
8158,5203
8159,5200
8160,5201
8161,5202
8162,5203
8163,5202
8164,5205
8165,5203
8166,5206
8167,5208
8168,5206
8169,5208
8170,5206
8171,5206
8172,5208
8173,5208
8174,5296
8175,5216
8176,5203
8177,5215
8178,5215
8179,5217
8180,5205
8181,5209
8182,5219
8183,8476
8184,5244
8185,5456
8186,5211
8187,5217
8188,5211
8189,5212
8190,5223
8191,5212
8192,5216
8193,5211
8194,5215
8195,5214
8196,5218
8197,5217
8198,5218
8199,5216
8200,5226
8201,5227
8202,5231
8203,5218
8204,5230
8205,5223
8206,5407
8207,5223
8208,5233
8209,5228
8210,5234
8211,5235
8212,5231
8213,5236
8214,5238
8215,5237
8216,5238
8217,5238
8218,5238
8219,5238
8220,5238
8221,5241
8222,5240
8223,5240
8224,5243
8225,5236
8226,5243
8227,5239
8228,5236
8229,5245
8230,5243
8231,5247
8232,5243
8233,5246
8234,5249
8235,5243
8236,5248
8237,5250
8238,5245
8239,5251
8240,5255
8241,5252
8242,5252
8243,5255
8244,5255
8245,5256
8246,5253
8247,5255
8248,5256
8249,5252
8250,5253
8251,5255
8252,5259
8253,5262
8254,5260
8255,5260
8256,5263
8257,5259
8258,5262
8259,5261
8260,5265
8261,5263
8262,5264
8263,5290
8264,5263
8265,5505
8266,5269
8267,5269
8268,5268
8269,5264
8270,5271
8271,5275
8272,5275
8273,5270
8274,5274
8275,5274
8276,5276
8277,5274
8278,5277
8279,5276
8280,5277
8281,5278
8282,5277
8283,5271
8284,5278
8285,5280
8286,5272
8287,5294
8288,5274
8289,5284
8290,5284
8291,5286
8292,5287
8293,5286
8294,5286
8295,5288
8296,5285
8297,5289
8298,5284
8299,5292
8300,5282
8301,5289
8302,5287
8303,5287
8304,5287
8305,5283
8306,5283
8307,5289
8308,5288
8309,5282
8310,5291
8311,5291
8312,5295
8313,5296
8314,5292
8315,5287
8316,5301
8317,5300
8318,5302
8319,5301
8320,5301
8321,5304
8322,5306
8323,5297
8324,5305
8325,5305
8326,5307
8327,5312
8328,5307
8329,5300
8330,5308
8331,5302
8332,5308
8333,5311
8334,5307
8335,5313
8336,5315
8337,5312
8338,5312
8339,5315
8340,5312
8341,5315
8342,5315
8343,5315
8344,5309
8345,5312
8346,5313
8347,5318
8348,5318
8349,5315
8350,5322
8351,5317
8352,5324
8353,5324
8354,5323
8355,5326
8356,5326
8357,5326
8358,5327
8359,5327
8360,5327
8361,5331
8362,5329
8363,5331
8364,5332
8365,5333
8366,5324
8367,10259
8368,5364
8369,5572
8370,5341
8371,8483
8372,8791
8373,7767
8374,7988
8375,7518
8376,7442
8377,7595
8378,5644
8379,5749
8380,6145
8381,6104
8382,5358
8383,6160
8384,6083
8385,5538
8386,6084
8387,6138
8388,6126
8389,5338
8390,6119
8391,8100
8392,7820
8393,8071
8394,5864
8395,7535
8396,8063
8397,8113
8398,7868
8399,7870
8400,7854
8401,8112
8402,8078
8403,7917
8404,8008
8405,7894
8406,7999
8407,7940
8408,7804
8409,7981
8410,5700
8411,7742
8412,7927
8413,7824
8414,7937
8415,7734
8416,8030
8417,7968
8418,8285
8419,7858
8420,7858
8421,7836
8422,7878
8423,7997
8424,5621
8425,7863
8426,7857
8427,7953
8428,7695
8429,8069
8430,8021
8431,7847
8432,7948
8433,7895
8434,7952
8435,7889
8436,7887
8437,7941
8438,7966
8439,5714
8440,7708
8441,8223
8442,8045
8443,7737
8444,7902
8445,7899
8446,7885
8447,8027
8448,7825
8449,7925
8450,7877
8451,7823
8452,7976
8453,7886
8454,5769
8455,7841
8456,7784
8457,7621
8458,7920
8459,7907
8460,7844
8461,7995
8462,7962
8463,7901
8464,7984
8465,5724
8466,5387
8467,7539
8468,5769
8469,5394
8470,7962
8471,5401
8472,5774
8473,5391
8474,5392
8475,8110
8476,8001
8477,7936
8478,7772
8479,7880
8480,7977
8481,5663
8482,7762
8483,7741
8484,7735
8485,7874
8486,7880
8487,8025
8488,5679
8489,7528
8490,9078
8491,5660
8492,5404
8493,7632
8494,5712
8495,5405
8496,5403
8497,7616
8498,5716
8499,5406
8500,5410
8501,7886
8502,5718
8503,5417
8504,5419
8505,5417
8506,5420
8507,7765
8508,8176
8509,8043
8510,8359
8511,7968
8512,7954
8513,7925
8514,7872
8515,7999
8516,5736
8517,7649
8518,5430
8519,5773
8520,5418
8521,5420
8522,5417
8523,8417
8524,5435
8525,5423
8526,5425
8527,5426
8528,5429
8529,5432
8530,5428
8531,5433
8532,5437
8533,5437
8534,5437
8535,5430
8536,5435
8537,5439
8538,5433
8539,5443
8540,5441
8541,5444
8542,5443
8543,5443
8544,5682
8545,5440
8546,5446
8547,5444
8548,5446
8549,5447
8550,5449
8551,5435
8552,5449
8553,5446
8554,5450
8555,5441
8556,5450
8557,5452
8558,5455
8559,5453
8560,5452
8561,5709
8562,5456
8563,5455
8564,5459
8565,5456
8566,5451
8567,5457
8568,5458
8569,5451
8570,5457
8571,5454
8572,5459
8573,5463
8574,5457
8575,5452
8576,5463
8577,5641
8578,7404
8579,5469
8580,5846
8581,5461
8582,5464
8583,5458
8584,8008
8585,7977
8586,5729
8587,7851
8588,7807
8589,8091
8590,7907
8591,7953
8592,8029
8593,8011
8594,8096
8595,8056
8596,8022
8597,8085
8598,8012
8599,7921
8600,7919
8601,5985
8602,7581
8603,7784
8604,8182
8605,7858
8606,7810
8607,8021
8608,8078
8609,7885
8610,7950
8611,8073
8612,7951
8613,8017
8614,8456
8615,7946
8616,7907
8617,8077
8618,7874
8619,7959
8620,8070
8621,5755
8622,7789
8623,8031
8624,7820
8625,7957
8626,8086
8627,7964
8628,7978
8629,7917
8630,8313
8631,7967
8632,7906
8633,8063
8634,7947
8635,7972
8636,8124
8637,7981
8638,5715
8639,7783
8640,7880
8641,7806
8642,7964
8643,8038
8644,7882
8645,7902
8646,8055
8647,7961
8648,7928
8649,8096
8650,7998
8651,7990
8652,8139
8653,8014
8654,8107
8655,5862
8656,8197
8657,8924
8658,8437
8659,8317
8660,8014
8661,7945
8662,8253
8663,8178
8664,8207
8665,7822
8666,7978
8667,8110
8668,7929
8669,8075
8670,7952
8671,8065
8672,8020
8673,8127
8674,8077
8675,8053
8676,8096
8677,8154
8678,8077
8679,8157
8680,8069
8681,8004
8682,5907
8683,7927
8684,7863
8685,7963
8686,7924
8687,8096
8688,7966
8689,8029
8690,8114
8691,7991
8692,8086
8693,8087
8694,8037
8695,8094
8696,8023
8697,7967
8698,8162
8699,5859
8700,5532
8701,7773
8702,8131
8703,8107
8704,8040
8705,8125
8706,8065
8707,7933
8708,8032
8709,8012
8710,7970
8711,8154
8712,8090
8713,8002
8714,8149
8715,5891
8716,7884
8717,7979
8718,8013
8719,7913
8720,8020
8721,8066
8722,8138
8723,5779
8724,5548
8725,5556
8726,8105
8727,5865
8728,5553
8729,5557
8730,5552
8731,5554
8732,5563
8733,5562
8734,5571
8735,5562
8736,5565
8737,5565
8738,8851
8739,5809
8740,7962
8741,5621
8742,7767
8743,8003
8744,5929
8745,5560
8746,8018
8747,5649
8748,7866
8749,5882
8750,5564
8751,5575
8752,5578
8753,5564
8754,8082
8755,5701
8756,5567
8757,5575
8758,7963
8759,5886
8760,5570
8761,5576
8762,8312
8763,5679
8764,7762
8765,8073
8766,7936
8767,8209
8768,8142
8769,5836
8770,5576
8771,5575
8772,5585
8773,5579
8774,5587
8775,5588
8776,5586
8777,5620
8778,5591
8779,5584
8780,5584
8781,5585
8782,5591
8783,5593
8784,8221
8785,5663
8786,5590
8787,5597
8788,5597
8789,5597
8790,5600
8791,5598
8792,5593
8793,5594
8794,5602
8795,5596
8796,5603
8797,5595
8798,5595
8799,5597
8800,5609
8801,8243
8802,5960
8803,5596
8804,5597
8805,5604
8806,5603
8807,5609
8808,5600
8809,5607
8810,5607
8811,5603
8812,5600
8813,5610
8814,5605
8815,5606
8816,5608
8817,5612
8818,5608
8819,5614
8820,5607
8821,5623
8822,5611
8823,5614
8824,5611
8825,5618
8826,5614
8827,5615
8828,5615
8829,5617
8830,5621
8831,5623
8832,5618
8833,5624
8834,5628
8835,5628
8836,5618
8837,5626
8838,5630
8839,5628
8840,5624
8841,5631
8842,5624
8843,5632
8844,5625
8845,5632
8846,5634
8847,5629
8848,5628
8849,5635
8850,5636
8851,5631
8852,5635
8853,5635
8854,5632
8855,5639
8856,5636
8857,5636
8858,5637
8859,5642
8860,5644
8861,5644
8862,5636
8863,5643
8864,5645
8865,5645
8866,5648
8867,5642
8868,5648
8869,5645
8870,5649
8871,5648
8872,5650
8873,5649
8874,5643
8875,5672
8876,5644
8877,5790
8878,5652
8879,5651
8880,5657
8881,5656
8882,5657
8883,5655
8884,5657
8885,5658
8886,5658
8887,5657
8888,5657
8889,5658
8890,5661
8891,5660
8892,5861
8893,5658
8894,5666
8895,5663
8896,5665
8897,5665
8898,5970
8899,10911
8900,5938
8901,5828
8902,8161
8903,8252
8904,6420
8905,6508
8906,6471
8907,5815
8908,6264
8909,6524
8910,6569
8911,5853
8912,6124
8913,6532
8914,6398
8915,5839
8916,6149
8917,6545
8918,6488
8919,5862
8920,6129
8921,6520
8922,6485
8923,5846
8924,6128
8925,5685
8926,6960
8927,5752
8928,5852
8929,6669
8930,6012
8931,5679
8932,5687
8933,5687
8934,5680
8935,5682
8936,5680
8937,5686
8938,5688
8939,5687
8940,5692
8941,5711
8942,5692
8943,5696
8944,5695
8945,5689
8946,5692
8947,5711
8948,5689
8949,5700
8950,5692
8951,5700
8952,5701
8953,5695
8954,5695
8955,6394
8956,5709
8957,6042
8958,5693
8959,5707
8960,5695
8961,5703
8962,5701
8963,5712
8964,5697
8965,5699
8966,5710
8967,5700
8968,5710
8969,5700
8970,5703
8971,5716
8972,5716
8973,8373
8974,6085
8975,7886
8976,5952
8977,5719
8978,5710
8979,5707
8980,5709
8981,5718
8982,5704
8983,5709
8984,5718
8985,5711
8986,5714
8987,5715
8988,5722
8989,5722
8990,5721
8991,5728
8992,5724
8993,5725
8994,5724
8995,5724
8996,5721
8997,5727
8998,5728
8999,5724
9000,5723
9001,5724
9002,5732
9003,5729
9004,5733
9005,5733
9006,5731
9007,5728
9008,5734
9009,5733
9010,5736
9011,5737
9012,5738
9013,5736
9014,5731
9015,5735
9016,5733
9017,5739
9018,5738
9019,5733
9020,5740
9021,5740
9022,5735
9023,5791
9024,5741
9025,5742
9026,5744
9027,5759
9028,8413
9029,7667
9030,7830
9031,6433
9032,6454
9033,6424
9034,5743
9035,6577
9036,6459
9037,6473
9038,5749
9039,6505
9040,6466
9041,6511
9042,5750
9043,6507
9044,6059
9045,5754
9046,5753
9047,5753
9048,5752
9049,5753
9050,5771
9051,5756
9052,5755
9053,5764
9054,5763
9055,5769
9056,5755
9057,5763
9058,5761
9059,5757
9060,5757
9061,10785
9062,5780
9063,5980
9064,8864
9065,8239
9066,8156
9067,8269
9068,8223
9069,8208
9070,8172
9071,8233
9072,8192
9073,8242
9074,8648
9075,6020
9076,5862
9077,7903
9078,8113
9079,8896
9080,8281
9081,8111
9082,8114
9083,8402
9084,6954
9085,6983
9086,5787
9087,5786
9088,7166
9089,6021
9090,5782
9091,5782
9092,5780
9093,5780
9094,5782
9095,5783
9096,5787
9097,5784
9098,5785
9099,5794
9100,5786
9101,5787
9102,5790
9103,5794
9104,5796
9105,5795
9106,5788
9107,5789
9108,5791
9109,5793
9110,5801
9111,5799
9112,5798
9113,5798
9114,5803
9115,5803
9116,5803
9117,5803
9118,5797
9119,5801
9120,5807
9121,5800
9122,5806
9123,5807
9124,5808
9125,5804
9126,5813
9127,5802
9128,5809
9129,5811
9130,5805
9131,5804
9132,5817
9133,7373
9134,5818
9135,6093
9136,5805
9137,5810
9138,5806
9139,5808
9140,5812
9141,5814
9142,5820
9143,5811
9144,5815
9145,5822
9146,5810
9147,5811
9148,5826
9149,5815
9150,5815
9151,5819
9152,5816
9153,5821
9154,5820
9155,5826
9156,5829
9157,5821
9158,5823
9159,5823
9160,5823
9161,5831
9162,5826
9163,5824
9164,5836
9165,5864
9166,5836
9167,5826
9168,5839
9169,5840
9170,5827
9171,5827
9172,5829
9173,5827
9174,5823
9175,5829
9176,5832
9177,5831
9178,5832
9179,5828
9180,5833
9181,5833
9182,5835
9183,5835
9184,5837
9185,5841
9186,5838
9187,5840
9188,5926
9189,5840
9190,5847
9191,5847
9192,5840
9193,5843
9194,5842
9195,5843
9196,5842
9197,5849
9198,5845
9199,5853
9200,5855
9201,5850
9202,5860
9203,5856
9204,5860
9205,5850
9206,5859
9207,5852
9208,5861
9209,5858
9210,5860
9211,5860
9212,5862
9213,5863
9214,5865
9215,5865
9216,5866
9217,5865
9218,5871
9219,5866
9220,5870
9221,5869
9222,5872
9223,5868
9224,5871
9225,5873
9226,5872
9227,5873
9228,5875
9229,5865
9230,5872
9231,5874
9232,5874
9233,5877
9234,5879
9235,5874
9236,5878
9237,5876
9238,5877
9239,5878
9240,5878
9241,5881
9242,5884
9243,5873
9244,5882
9245,5883
9246,5878
9247,5886
9248,5878
9249,5887
9250,5914
9251,5886
9252,5887
9253,5891
9254,5887
9255,5885
9256,5894
9257,6150
9258,5884
9259,5889
9260,5896
9261,5895
9262,5893
9263,5888
9264,5894
9265,5895
9266,5889
9267,5895
9268,5895
9269,5895
9270,5891
9271,5994
9272,5901
9273,5902
9274,5895
9275,5902
9276,5900
9277,5902
9278,6051
9279,5919
9280,5906
9281,5904
9282,5908
9283,5905
9284,5909
9285,5901
9286,5909
9287,5908
9288,5911
9289,5908
9290,5911
9291,5909
9292,5903
9293,5913
9294,5913
9295,6019
9296,5916
9297,5916
9298,5917
9299,5911
9300,5910
9301,5913
9302,5922
9303,8022
9304,6093
9305,7301
9306,6165
9307,5914
9308,5916
9309,5923
9310,5918
9311,5925
9312,5918
9313,5919
9314,5919
9315,5919
9316,5927
9317,5924
9318,5928
9319,5928
9320,5932
9321,5930
9322,5933
9323,5933
9324,5936
9325,5928
9326,5935
9327,5932
9328,5931
9329,5930
9330,5936
9331,5935
9332,5930
9333,5939
9334,5930
9335,7579
9336,6271
9337,7515
9338,7141
9339,6697
9340,6689
9341,6800
9342,6261
9343,6373
9344,6777
9345,6784
9346,6596
9347,6186
9348,6299
9349,6792
9350,6830
9351,6725
9352,6162
9353,6099
9354,5945
9355,5943
9356,5949
9357,5952
9358,5960
9359,5948
9360,5956
9361,5957
9362,5951
9363,5952
9364,5953
9365,5960
9366,6511
9367,6653
9368,6158
9369,6327
9370,5956
9371,5952
9372,5960
9373,5957
9374,5958
9375,5969
9376,5959
9377,5959
9378,5966
9379,5969
9380,6494
9381,10137
9382,6436
9383,6167
9384,7826
9385,8392
9386,8061
9387,7442
9388,7114
9389,7123
9390,6737
9391,6202
9392,6393
9393,6761
9394,6715
9395,6651
9396,6135
9397,6526
9398,6672
9399,6619
9400,6327
9401,6275
9402,6563
9403,6601
9404,6777
9405,6168
9406,6376
9407,6611
9408,6732
9409,6263
9410,6286
9411,6496
9412,6736
9413,6746
9414,6275
9415,6691
9416,6756
9417,6697
9418,6488
9419,6102
9420,7137
9421,7638
9422,6896
9423,6744
9424,6291
9425,6325
9426,7023
9427,6868
9428,7621
9429,7638
9430,8268
9431,8085
9432,6900
9433,7725
9434,7055
9435,6176
9436,8237
9437,7949
9438,7512
9439,7551
9440,7941
9441,7442
9442,6688
9443,7134
9444,7937
9445,7340
9446,8271
9447,8164
9448,7930
9449,7259
9450,6909
9451,6870
9452,6601
9453,7794
9454,8004
9455,7624
9456,7874
9457,7475
9458,6758
9459,7419
9460,7473
9461,6698
9462,7366
9463,7212
9464,8367
9465,7508
9466,7195
9467,6981
9468,7612
9469,7283
9470,6664
9471,7482
9472,6703
9473,8388
9474,7985
9475,7468
9476,7593
9477,7351
9478,7393
9479,6827
9480,7923
9481,7060
9482,7980
9483,8247
9484,7528
9485,8226
9486,7797
9487,6889
9488,6989
9489,7622
9490,6789
9491,8039
9492,7474
9493,7392
9494,7374
9495,6728
9496,7231
9497,7520
9498,6792
9499,7012
9500,7294
9501,8069
9502,7668
9503,6869
9504,7343
9505,7601
9506,6865
9507,7668
9508,7134
9509,8135
9510,7267
9511,7337
9512,6722
9513,7533
9514,7467
9515,6672
9516,7273
9517,7221
9518,7415
9519,6822
9520,7207
9521,7445
9522,7106
9523,6974
9524,7032
9525,7223
9526,6828
9527,7200
9528,7190
9529,6781
9530,7440
9531,7296
9532,7262
9533,6979
9534,6990
9535,6996
9536,7316
9537,6993
9538,7075
9539,7486
9540,6781
9541,7374
9542,7168
9543,6784
9544,6986
9545,7454
9546,6858
9547,7338
9548,7738
9549,7301
9550,6934
9551,6487
9552,7526
9553,6933
9554,7087
9555,6502
9556,6393
9557,6959
9558,6758
9559,6913
9560,6754
9561,6345
9562,7324
9563,7193
9564,6757
9565,6791
9566,6076
9567,7232
9568,6217
9569,6518
9570,6734
9571,6081
9572,6083
9573,6082
9574,6083
9575,6083
9576,6084
9577,6083
9578,6085
9579,6097
9580,7487
9581,7556
9582,7931
9583,7646
9584,7385
9585,7232
9586,7423
9587,6930
9588,6977
9589,7732
9590,7256
9591,6971
9592,6758
9593,7449
9594,6636
9595,7680
9596,7424
9597,7462
9598,8307
9599,8121
9600,8497
9601,7998
9602,6129
9603,11397
9604,6509
9605,9170
9606,8110
9607,10881
9608,10360
9609,7939
9610,14663
9611,6366
9612,9893
9613,8235
9614,7833
9615,8114
9616,7618
9617,8298
9618,7798
9619,8144
9620,7698
9621,8290
9622,7624
9623,8104
9624,7599
9625,7936
9626,8086
9627,6315
9628,7268
9629,8607
9630,7479
9631,8150
9632,7772
9633,7476
9634,7555
9635,7499
9636,7136
9637,7217
9638,6156
9639,7398
9640,7168
9641,7114
9642,7184
9643,6728
9644,6180
9645,6639
9646,6652
9647,7415
9648,6427
9649,6141
9650,6132
9651,6132
9652,6129
9653,6134
9654,6138
9655,6132
9656,6140
9657,6137
9658,6141
9659,6137
9660,6144
9661,6144
9662,6141
9663,6149
9664,6141
9665,6147
9666,6149
9667,6150
9668,6151
9669,6145
9670,6150
9671,6140
9672,6145
9673,6150
9674,6153
9675,6154
9676,6156
9677,6157
9678,6150
9679,6152
9680,6157
9681,6156
9682,6156
9683,6150
9684,6159
9685,6156
9686,6155
9687,6159
9688,6160
9689,6154
9690,6165
9691,6159
9692,6164
9693,6162
9694,6160
9695,6168
9696,6157
9697,6166
9698,6167
9699,6166
9700,6168
9701,6170
9702,6169
9703,6166
9704,6169
9705,6171
9706,6171
9707,6164
9708,6164
9709,6165
9710,6171
9711,6168
9712,6172
9713,6176
9714,6178
9715,6171
9716,6179
9717,6177
9718,6181
9719,6181
9720,6180
9721,6181
9722,6181
9723,6182
9724,6185
9725,6185
9726,6182
9727,6186
9728,6190
9729,6187
9730,6189
9731,6189
9732,6188
9733,6192
9734,6183
9735,6191
9736,6192
9737,6182
9738,6184
9739,6183
9740,6189
9741,6204
9742,8383
9743,7484
9744,6543
9745,7230
9746,6256
9747,6996
9748,6956
9749,6903
9750,6791
9751,6674
9752,6314
9753,6820
9754,7027
9755,6971
9756,6917
9757,6197
9758,6868
9759,6830
9760,6877
9761,6879
9762,6247
9763,6768
9764,6988
9765,6989
9766,6947
9767,6706
9768,6251
9769,6716
9770,6948
9771,6962
9772,6957
9773,6275
9774,6822
9775,6770
9776,6971
9777,6798
9778,6210
9779,6756
9780,6782
9781,6920
9782,6752
9783,6218
9784,6881
9785,7002
9786,6880
9787,6938
9788,6869
9789,6313
9790,6933
9791,6904
9792,6983
9793,6951
9794,6239
9795,6730
9796,6903
9797,6913
9798,7035
9799,6350
9800,6445
9801,6224
9802,6224
9803,6229
9804,6251
9805,6229
9806,6227
9807,6225
9808,6235
9809,6232
9810,6243
9811,6233
9812,6232
9813,6231
9814,6236
9815,6234
9816,6238
9817,6237
9818,6235
9819,7666
9820,7069
9821,6392
9822,8091
9823,7753
9824,8195
9825,8142
9826,8333
9827,7810
9828,8469
9829,7805
9830,8683
9831,7754
9832,8238
9833,6536
9834,6262
9835,7885
9836,7888
9837,8013
9838,8251
9839,6614
9840,7946
9841,8014
9842,8180
9843,6545
9844,8288
9845,6271
9846,7935
9847,7805
9848,8051
9849,6558
9850,7988
9851,6825
9852,9416
9853,8142
9854,8161
9855,8216
9856,6533
9857,8410
9858,8257
9859,7905
9860,6503
9861,7753
9862,6429
9863,6260
9864,6263
9865,6263
9866,6264
9867,6263
9868,6265
9869,6268
9870,6280
9871,6267
9872,6266
9873,6267
9874,6271
9875,6268
9876,6271
9877,6269
9878,6271
9879,6272
9880,8414
9881,7833
9882,6532
9883,6741
9884,6276
9885,6274
9886,6276
9887,6278
9888,6278
9889,6279
9890,6280
9891,6278
9892,6591
9893,6282
9894,6284
9895,6286
9896,6281
9897,6289
9898,6284
9899,6286
9900,6338
9901,6289
9902,6288
9903,6291
9904,6289
9905,6288
9906,6291
9907,6436
9908,6297
9909,6290
9910,6289
9911,6291
9912,6300
9913,6301
9914,6293
9915,6298
9916,6376
9917,6298
9918,6316
9919,7956
9920,6643
9921,6299
9922,6299
9923,6298
9924,6301
9925,6303
9926,6306
9927,6306
9928,6304
9929,6315
9930,6304
9931,6305
9932,6314
9933,6314
9934,6316
9935,6311
9936,6310
9937,6314
9938,6310
9939,6315
9940,6319
9941,6320
9942,6319
9943,6319
9944,6321
9945,6322
9946,6323
9947,6322
9948,6324
9949,6318
9950,6324
9951,6327
9952,6324
9953,6320
9954,6327
9955,6331
9956,6329
9957,6325
9958,6332
9959,6331
9960,6332
9961,6332
9962,6325
9963,6327
9964,6336
9965,6338
9966,6333
9967,6335
9968,6341
9969,6339
9970,6338
9971,6341
9972,6341
9973,6332
9974,6334
9975,6330
9976,6336
9977,6343
9978,6337
9979,6343
9980,6340
9981,6340
9982,6346
9983,6339
9984,6347
9985,6347
9986,6350
9987,6349
9988,6349
9989,6342
9990,6477
9991,6353
9992,6354
9993,6353
9994,6349
9995,6341
9996,6353
9997,6352
9998,6352
9999,6359
10000,6356
