Time,Iterations
5.548e-06,0
1.4495e-05,10
2.735e-06,20
3.374e-06,30
8.831e-06,40
5.456e-06,50
6.457e-06,60
7.405e-06,70
8.47e-06,80
1.0241e-05,90
1.1985e-05,100
1.298e-05,110
1.3971e-05,120
1.496e-05,130
1.6024e-05,140
1.7036e-05,150
1.8029e-05,160
1.9075e-05,170
2.0076e-05,180
2.1134e-05,190
2.215e-05,200
2.3155e-05,210
2.4182e-05,220
2.5229e-05,230
2.6225e-05,240
2.7252e-05,250
2.8249e-05,260
2.9287e-05,270
3.0311e-05,280
3.1351e-05,290
3.2387e-05,300
3.3395e-05,310
4.0456e-05,320
3.5866e-05,330
4.0892e-05,340
3.7528e-05,350
3.852e-05,360
3.9519e-05,370
4.0544e-05,380
4.1617e-05,390
4.2571e-05,400
4.3623e-05,410
4.4641e-05,420
4.5651e-05,430
4.6714e-05,440
4.7729e-05,450
4.8746e-05,460
4.9765e-05,470
5.0783e-05,480
5.1839e-05,490
5.2821e-05,500
5.3849e-05,510
5.4901e-05,520
5.5935e-05,530
5.8633e-05,540
5.8296e-05,550
5.8996e-05,560
6.0007e-05,570
6.106e-05,580
6.2076e-05,590
6.3105e-05,600
6.4104e-05,610
6.5131e-05,620
6.6151e-05,630
6.7171e-05,640
6.8183e-05,650
6.9201e-05,660
7.0232e-05,670
7.1296e-05,680
7.3389e-05,690
7.3652e-05,700
7.437e-05,710
7.5345e-05,720
7.6397e-05,730
7.7409e-05,740
7.8455e-05,750
7.9476e-05,760
8.0487e-05,770
8.1498e-05,780
8.2533e-05,790
8.3548e-05,800
8.4557e-05,810
8.6629e-05,820
8.6974e-05,830
8.7658e-05,840
8.8658e-05,850
8.9715e-05,860
9.0719e-05,870
9.2429e-05,880
0.000106181,890
0.000124585,900
0.000142749,910
0.000161933,920
0.000179621,930
0.000197697,940
0.000215964,950
0.000234269,960
0.000253574,970
0.000271166,980
0.000289113,990
0.000308409,1000
0.000325994,1010
0.0003439,1020
0.000363408,1030
0.000380765,1040
0.000398661,1050
0.000417925,1060
0.000435569,1070
0.00045452,1080
0.000472313,1090
0.000491011,1100
0.000508694,1110
0.000527663,1120
0.000545246,1130
0.000564064,1140
0.000581713,1150
0.000600633,1160
0.000619269,1170
0.000636423,1180
0.000655553,1190
0.000673997,1200
0.000691264,1210
0.000710514,1220
0.000728864,1230
0.000746106,1240
0.000765042,1250
0.000783503,1260
0.00080193,1270
0.000821071,1280
0.000837368,1290
0.000868429,1300
0.000875427,1310
0.000893362,1320
0.000911509,1330
0.000929885,1340
0.000947894,1350
0.000966431,1360
0.000984794,1370
0.00100293,1380
0.0010212,1390
0.00103953,1400
0.0010577,1410
0.00107588,1420
0.00109413,1430
0.00111255,1440
0.00113068,1450
0.00114996,1460
0.00116719,1470
0.00118586,1480
0.00120354,1490
0.00122199,1500
0.00124103,1510
0.00125859,1520
0.00127678,1530
0.00129524,1540
0.00131416,1550
0.00133171,1560
0.00134992,1570
0.00136912,1580
0.00138624,1590
0.00140564,1600
0.00142264,1610
0.00144126,1620
0.00146068,1630
0.00147762,1640
0.00149681,1650
0.00151423,1660
0.00153358,1670
0.00155051,1680
0.00157016,1690
0.00158859,1700
0.00160572,1710
0.00162472,1720
0.00164249,1730
0.00166158,1740
0.00167981,1750
0.00169688,1760
0.00171632,1770
0.00173493,1780
0.00175269,1790
0.00177013,1800
0.00178933,1810
0.00180757,1820
0.00182569,1830
0.00184432,1840
0.00186326,1850
0.00187977,1860
0.00189884,1870
0.00191738,1880
0.00193519,1890
0.00195405,1900
0.00197213,1910
0.00199052,1920
0.00201061,1930
0.00203571,1940
0.00204884,1950
0.0020684,1960
0.00208612,1970
0.00210188,1980
0.00211954,1990
0.00213829,2000
0.00215557,2010
0.00217366,2020
0.00219088,2030
0.00220975,2040
0.00222809,2050
0.00224582,2060
0.00226399,2070
0.00228285,2080
0.00230255,2090
0.00231983,2100
0.00233742,2110
0.00235638,2120
0.00237425,2130
0.00239325,2140
0.00241239,2150
0.00243041,2160
0.00244789,2170
0.00246535,2180
0.00248405,2190
0.00251925,2200
0.00252148,2210
0.00253825,2220
0.00255734,2230
0.00257586,2240
0.00259286,2250
0.00261237,2260
0.00262999,2270
0.00264917,2280
0.00266918,2290
0.00269352,2300
0.00270351,2310
0.00272226,2320
0.00274058,2330
0.00275787,2340
0.00279171,2350
0.0027958,2360
0.00281395,2370
0.00283144,2380
0.00284826,2390
0.00286975,2400
0.00288667,2410
0.00290432,2420
0.00292303,2430
0.00294129,2440
0.00296001,2450
0.00297813,2460
0.00299648,2470
0.00301432,2480
0.00303219,2490
0.00305018,2500
0.00306973,2510
0.00308703,2520
0.00310581,2530
0.00312465,2540
0.00314297,2550
0.00316154,2560
0.00321514,2570
0.00319701,2580
0.00321533,2590
0.00323367,2600
0.00325729,2610
0.00326997,2620
0.00328867,2630
0.00330778,2640
0.0033249,2650
0.00334378,2660
0.00336208,2670
0.00338005,2680
0.00339755,2690
0.00341736,2700
0.00343552,2710
0.00345486,2720
0.00347188,2730
0.00349052,2740
0.00350817,2750
0.00354957,2760
0.00354848,2770
0.00356337,2780
0.00358071,2790
0.00360013,2800
0.00361877,2810
0.00363842,2820
0.00365494,2830
0.00367313,2840
0.00368986,2850
0.0037097,2860
0.00373689,2870
0.00374724,2880
0.00376343,2890
0.00378294,2900
0.00380097,2910
0.00381974,2920
0.00383845,2930
0.00385637,2940
0.00387555,2950
0.00389245,2960
0.00391032,2970
0.00392785,2980
0.00394684,2990
0.00396437,3000
0.00398414,3010
0.00400185,3020
0.00401995,3030
0.00403796,3040
0.00405654,3050
0.00407537,3060
0.00409306,3070
0.00411159,3080
0.00414199,3090
0.00420721,3100
0.00418339,3110
0.00420293,3120
0.00421732,3130
0.00424511,3140
0.00426117,3150
0.0042787,3160
0.00430461,3170
0.00431705,3180
0.0043337,3190
0.00436193,3200
0.00437632,3210
0.0043847,3220
0.00440536,3230
0.00441119,3240
0.00442519,3250
0.00444483,3260
0.00446189,3270
0.00448188,3280
0.0045042,3290
0.00451708,3300
0.00453432,3310
0.00455985,3320
0.00458002,3330
0.00458513,3340
0.00460684,3350
0.00462254,3360
0.00464293,3370
0.00466385,3380
0.00467848,3390
0.00469685,3400
0.00471585,3410
0.00473519,3420
0.00475317,3430
0.00477111,3440
0.00478882,3450
0.00480628,3460
0.00482599,3470
0.00484336,3480
0.0048616,3490
0.00488003,3500
0.00489866,3510
0.00491648,3520
0.00493493,3530
0.00495262,3540
0.00498073,3550
0.00498913,3560
0.00500754,3570
0.00502641,3580
0.00504549,3590
0.00506233,3600
0.00508126,3610
0.00509925,3620
0.00511971,3630
0.00519427,3640
0.0051563,3650
0.00517391,3660
0.00519071,3670
0.00520839,3680
0.00522709,3690
0.00524493,3700
0.00526526,3710
0.00528056,3720
0.00530085,3730
0.00531896,3740
0.00533672,3750
0.00535584,3760
0.00539475,3770
0.00539175,3780
0.0054103,3790
0.00543005,3800
0.00544551,3810
0.00546646,3820
0.00548172,3830
0.00550169,3840
0.00552153,3850
0.00553896,3860
0.00555633,3870
0.00557657,3880
0.0055946,3890
0.00561085,3900
0.00562917,3910
0.00564805,3920
0.00566676,3930
0.00569293,3940
0.00570396,3950
0.00572003,3960
0.00574036,3970
0.0057584,3980
0.00577624,3990
0.00579198,4000
0.00581323,4010
0.0058307,4020
0.00584823,4030
0.00586752,4040
0.00588453,4050
0.00590247,4060
0.00592486,4070
0.00594137,4080
0.00595933,4090
0.00599873,4100
0.00599614,4110
0.00601524,4120
0.00603278,4130
0.0060508,4140
0.00606793,4150
0.00608799,4160
0.00610419,4170
0.0061368,4180
0.00615684,4190
0.00616099,4200
0.00617902,4210
0.00619426,4220
0.00621611,4230
0.00623372,4240
0.00625021,4250
0.0062708,4260
0.006288,4270
0.00630426,4280
0.00632597,4290
0.00634548,4300
0.00637294,4310
0.00637938,4320
0.00639967,4330
0.00641629,4340
0.00643589,4350
0.00645166,4360
0.00647239,4370
0.00648756,4380
0.00650811,4390
0.0065246,4400
0.0065606,4410
0.00656149,4420
0.00658078,4430
0.00659889,4440
0.00661843,4450
0.00663705,4460
0.0066539,4470
0.00667171,4480
0.00669136,4490
0.00670755,4500
0.00673667,4510
0.00674538,4520
0.00676351,4530
0.00678264,4540
0.00680077,4550
0.00681754,4560
0.00683649,4570
0.00685438,4580
0.00687357,4590
0.00689183,4600
0.00690924,4610
0.00692919,4620
0.00694775,4630
0.0069679,4640
0.00698573,4650
0.00700012,4660
0.00701906,4670
0.00703869,4680
0.00705682,4690
0.00707466,4700
0.00709355,4710
0.00711133,4720
0.00712889,4730
0.00714903,4740
0.00716661,4750
0.00718384,4760
0.00720268,4770
0.00723687,4780
0.00723957,4790
0.00725889,4800
0.00727524,4810
0.00729479,4820
0.00731205,4830
0.00733015,4840
0.00735176,4850
0.00736654,4860
0.00741429,4870
0.00740352,4880
0.00742147,4890
0.00744047,4900
0.00745786,4910
0.00747767,4920
0.00749296,4930
0.00751521,4940
0.00753158,4950
0.00754956,4960
0.00756926,4970
0.00758744,4980
0.00760325,4990
0.00762556,5000
0.00764227,5010
0.00765894,5020
0.00767752,5030
0.00772273,5040
0.00772959,5050
0.00774544,5060
0.00775111,5070
0.00777096,5080
0.00778777,5090
0.00780487,5100
0.00782288,5110
0.00784247,5120
0.00786002,5130
0.00788045,5140
0.00789894,5150
0.00791625,5160
0.0079812,5170
0.00799725,5180
0.00804279,5190
0.00813525,5200
0.00809771,5210
0.00812466,5220
0.00812774,5230
0.00813455,5240
0.00815921,5250
0.00818444,5260
0.00818964,5270
0.00818134,5280
0.00820395,5290
0.00818536,5300
0.00819119,5310
0.0082071,5320
0.00822807,5330
0.00825146,5340
0.0082644,5350
0.00829323,5360
0.00830279,5370
0.00833129,5380
0.00833552,5390
0.00835397,5400
0.00837405,5410
0.0083895,5420
0.00840862,5430
0.00843106,5440
0.00844727,5450
0.00846605,5460
0.00848453,5470
0.00850191,5480
0.00852104,5490
0.00853831,5500
0.00857363,5510
0.00857236,5520
0.0085934,5530
0.00861042,5540
0.00862958,5550
0.00864618,5560
0.00866732,5570
0.00868411,5580
0.00870331,5590
0.00872008,5600
0.00874364,5610
0.00875631,5620
0.00877604,5630
0.00879328,5640
0.00881538,5650
0.00883185,5660
0.00884885,5670
0.00886708,5680
0.0088852,5690
0.00890275,5700
0.00892258,5710
0.00894054,5720
0.00895964,5730
0.00897677,5740
0.00899426,5750
0.00901374,5760
0.00903298,5770
0.00904946,5780
0.00906901,5790
0.00910827,5800
0.00910314,5810
0.00912317,5820
0.0091415,5830
0.00915998,5840
0.0091762,5850
0.00919669,5860
0.00923969,5870
0.00923216,5880
0.00924955,5890
0.00927038,5900
0.00928873,5910
0.00930759,5920
0.00932192,5930
0.00934574,5940
0.0093584,5950
0.00937835,5960
0.00940031,5970
0.00941416,5980
0.00943768,5990
0.00945485,6000
0.00948816,6010
0.00948843,6020
0.00950777,6030
0.00953554,6040
0.0095547,6050
0.009562,6060
0.00959419,6070
0.00961908,6080
0.00962627,6090
0.0096355,6100
0.00965169,6110
0.00967333,6120
0.0096914,6130
0.00970819,6140
0.00973264,6150
0.00974785,6160
0.00976201,6170
0.00977838,6180
0.00980166,6190
0.00981879,6200
0.00983487,6210
0.00985196,6220
0.0098724,6230
0.00989048,6240
0.00991171,6250
0.00993473,6260
0.00994791,6270
0.00996235,6280
0.00998658,6290
0.0100036,6300
0.0100235,6310
0.0100458,6320
0.0100566,6330
0.0101291,6340
0.0100925,6350
0.0101089,6360
0.0101288,6370
0.0101456,6380
0.0101653,6390
0.0101843,6400
0.0102016,6410
0.010221,6420
0.0102381,6430
0.0102577,6440
0.0102782,6450
0.010293,6460
0.0103119,6470
0.0103308,6480
0.010351,6490
0.0103665,6500
0.0103857,6510
0.0104013,6520
0.0104521,6530
0.0104718,6540
0.0105783,6550
0.010586,6560
0.0106138,6570
0.0106866,6580
0.0105817,6590
0.0105845,6600
0.0106078,6610
0.0106485,6620
0.0106174,6630
0.0106246,6640
0.0106456,6650
0.0106618,6660
0.0106781,6670
0.0107104,6680
0.010715,6690
0.0107559,6700
0.0107551,6710
0.0107708,6720
0.0107897,6730
0.0108046,6740
0.0108255,6750
0.0108442,6760
0.0108618,6770
0.0108782,6780
0.0109021,6790
0.0109165,6800
0.0109361,6810
0.0109626,6820
0.0109687,6830
0.010987,6840
0.0110115,6850
0.011026,6860
0.0110472,6870
0.011063,6880
0.0110789,6890
0.0110948,6900
0.0111169,6910
0.0111351,6920
0.0111609,6930
0.0111897,6940
0.01119,6950
0.0112084,6960
0.0112274,6970
0.0112525,6980
0.0112819,6990
0.0112816,7000
0.0113049,7010
0.0113202,7020
0.0113365,7030
0.0113548,7040
0.0113772,7050
0.0114063,7060
0.0114071,7070
0.0114285,7080
0.0114482,7090
0.0114685,7100
0.0114971,7110
0.0115022,7120
0.0115173,7130
0.0115514,7140
0.0115528,7150
0.0115729,7160
0.0115915,7170
0.0116098,7180
0.0116302,7190
0.0116467,7200
0.011665,7210
0.0116841,7220
0.0117082,7230
0.0117232,7240
0.0117389,7250
0.0117545,7260
0.0118241,7270
0.011795,7280
0.0118126,7290
0.0118317,7300
0.0118504,7310
0.011868,7320
0.0118843,7330
0.0119005,7340
0.0119199,7350
0.0119418,7360
0.011962,7370
0.0119874,7380
0.0119966,7390
0.0120139,7400
0.0120295,7410
0.0120489,7420
0.0120682,7430
0.0120885,7440
0.0121088,7450
0.0121235,7460
0.0121387,7470
0.012162,7480
0.0121789,7490
0.0121978,7500
0.012213,7510
0.0122302,7520
0.0122486,7530
0.0122694,7540
0.0122851,7550
0.0123039,7560
0.0123211,7570
0.0123453,7580
0.0123574,7590
0.0123784,7600
0.0123968,7610
0.0124411,7620
0.0124685,7630
0.0125722,7640
0.0125098,7650
0.0125306,7660
0.012547,7670
0.0125626,7680
0.012578,7690
0.0125607,7700
0.0125807,7710
0.0125988,7720
0.0126176,7730
0.0126348,7740
0.0126547,7750
0.0126709,7760
0.0126972,7770
0.0127111,7780
0.0127364,7790
0.0127451,7800
0.0127642,7810
0.0127837,7820
0.0127983,7830
0.0128387,7840
0.0128343,7850
0.0128651,7860
0.0128749,7870
0.0128897,7880
0.0129186,7890
0.0129275,7900
0.0129499,7910
0.0129636,7920
0.0129843,7930
0.0129986,7940
0.0130298,7950
0.0130355,7960
0.0130571,7970
0.0130752,7980
0.0130933,7990
0.0131102,8000
0.013129,8010
0.0131483,8020
0.0131638,8030
0.0132032,8040
0.0132032,8050
0.0132199,8060
0.0132386,8070
0.0132582,8080
0.013321,8090
0.0132923,8100
0.0133092,8110
0.0133292,8120
0.0133499,8130
0.0133661,8140
0.0133905,8150
0.0134145,8160
0.0134215,8170
0.0134371,8180
0.0134559,8190
0.0134763,8200
0.0134947,8210
0.0135124,8220
0.0135402,8230
0.0135484,8240
0.0135673,8250
0.0135841,8260
0.0136052,8270
0.0136342,8280
0.0136461,8290
0.0136618,8300
0.0136801,8310
0.0136953,8320
0.0137284,8330
0.0137326,8340
0.0137573,8350
0.0137895,8360
0.0137892,8370
0.0138032,8380
0.0138224,8390
0.0138406,8400
0.0138583,8410
0.0138757,8420
0.0138952,8430
0.0139156,8440
0.0139318,8450
0.0139511,8460
0.0139686,8470
0.0139879,8480
0.0140079,8490
0.0140257,8500
0.014054,8510
0.0140633,8520
0.0140737,8530
0.0140957,8540
0.0141163,8550
0.0141552,8560
0.0141777,8570
0.0142486,8580
0.0142604,8590
0.0142698,8600
0.0142641,8610
0.0142591,8620
0.0142742,8630
0.0142791,8640
0.0143682,8650
0.0144895,8660
0.0144069,8670
0.0143535,8680
0.0143812,8690
0.0143964,8700
0.0144085,8710
0.0144376,8720
0.0144471,8730
0.0144648,8740
0.0144784,8750
0.0145041,8760
0.0145228,8770
0.0145488,8780
0.0145567,8790
0.0145739,8800
0.0145883,8810
0.0146528,8820
0.0146308,8830
0.0146448,8840
0.0146659,8850
0.0146873,8860
0.0147142,8870
0.0147264,8880
0.0147381,8890
0.0147584,8900
0.0147742,8910
0.0147933,8920
0.0148136,8930
0.0148278,8940
0.0148482,8950
0.0148663,8960
0.0148831,8970
0.0149029,8980
0.0149228,8990
0.0149362,9000
0.0149553,9010
0.0149751,9020
0.0150144,9030
0.0150246,9040
0.0150288,9050
0.0150478,9060
0.0150661,9070
0.015095,9080
0.0151068,9090
0.0151219,9100
0.0151409,9110
0.0151791,9120
0.0151746,9130
0.0151932,9140
0.0152151,9150
0.0152383,9160
0.015271,9170
0.0152691,9180
0.0152893,9190
0.0153064,9200
0.0153399,9210
0.0153398,9220
0.015354,9230
0.0153768,9240
0.0154188,9250
0.0154251,9260
0.0154425,9270
0.0154633,9280
0.0154722,9290
0.0154863,9300
0.0155063,9310
0.0155291,9320
0.0155551,9330
0.0155584,9340
0.0155783,9350
0.015597,9360
0.0156171,9370
0.0156408,9380
0.0156543,9390
0.015696,9400
0.0157389,9410
0.0157578,9420
0.0157762,9430
0.0157907,9440
0.0158249,9450
0.0158105,9460
0.0158023,9470
0.0158247,9480
0.0158815,9490
0.0158552,9500
0.0158755,9510
0.0158933,9520
0.0159173,9530
0.015931,9540
0.0159446,9550
0.0159635,9560
0.0159828,9570
0.0160067,9580
0.0160214,9590
0.0160371,9600
0.0160802,9610
0.0160836,9620
0.0160907,9630
0.0161163,9640
0.0161396,9650
0.016144,9660
0.0161612,9670
0.0161851,9680
0.0162133,9690
0.0162198,9700
0.0162382,9710
0.0162566,9720
0.0162752,9730
0.0162924,9740
0.0163074,9750
0.0163332,9760
0.0163473,9770
0.0163647,9780
0.0163873,9790
0.0164062,9800
0.0164345,9810
0.0164393,9820
0.016459,9830
0.0164758,9840
0.0165041,9850
0.0165153,9860
0.0165353,9870
0.0165609,9880
0.0165761,9890
0.0165839,9900
0.0166031,9910
0.0166237,9920
0.0166513,9930
0.0166578,9940
0.0166803,9950
0.0166914,9960
0.0167236,9970
0.0167454,9980
0.0167573,9990
9.76e-07,0
4.381e-06,10
2.606e-06,20
3.481e-06,30
4.517e-06,40
5.448e-06,50
6.421e-06,60
7.404e-06,70
8.534e-06,80
1.0266e-05,90
1.2059e-05,100
1.3044e-05,110
1.3985e-05,120
1.8618e-05,130
1.6532e-05,140
1.7053e-05,150
1.8032e-05,160
1.9066e-05,170
2.0108e-05,180
2.1174e-05,190
2.2249e-05,200
2.3183e-05,210
2.4198e-05,220
2.5209e-05,230
2.6249e-05,240
2.7298e-05,250
2.8322e-05,260
2.9306e-05,270
3.0296e-05,280
3.1297e-05,290
3.2294e-05,300
3.332e-05,310
3.4347e-05,320
3.5367e-05,330
3.6404e-05,340
3.7437e-05,350
3.8416e-05,360
3.9459e-05,370
4.0481e-05,380
4.1538e-05,390
4.3553e-05,400
4.4081e-05,410
4.4662e-05,420
4.56e-05,430
4.6691e-05,440
4.7689e-05,450
4.8742e-05,460
4.9705e-05,470
5.0746e-05,480
5.1794e-05,490
5.2779e-05,500
5.3814e-05,510
5.4842e-05,520
5.5882e-05,530
5.6898e-05,540
5.7891e-05,550
5.8948e-05,560
5.9971e-05,570
6.099e-05,580
6.3027e-05,590
6.339e-05,600
6.802e-05,610
6.5202e-05,620
6.6114e-05,630
6.7094e-05,640
6.8134e-05,650
6.9147e-05,660
7.0198e-05,670
7.1251e-05,680
7.2251e-05,690
7.3261e-05,700
7.4293e-05,710
7.5298e-05,720
7.7315e-05,730
7.7882e-05,740
7.8426e-05,750
7.9396e-05,760
8.0432e-05,770
8.1442e-05,780
8.2455e-05,790
8.3487e-05,800
8.4495e-05,810
8.5542e-05,820
8.6577e-05,830
8.7582e-05,840
8.9557e-05,850
8.9949e-05,860
9.0685e-05,870
9.2392e-05,880
0.000106092,890
0.000124539,900
0.000142662,910
0.000160997,920
0.000180289,930
0.000197919,940
0.000215918,950
0.000234252,960
0.000252539,970
0.000271838,980
0.000289403,990
0.000307437,1000
0.000326664,1010
0.000344207,1020
0.00036214,1030
0.000381411,1040
0.000399056,1050
0.000418132,1060
0.000435476,1070
0.000453471,1080
0.000472778,1090
0.000490357,1100
0.00050924,1110
0.000526803,1120
0.000545806,1130
0.000564261,1140
0.000581675,1150
0.000600653,1160
0.000618188,1170
0.000637212,1180
0.00065582,1190
0.000672983,1200
0.000691873,1210
0.00071066,1220
0.000727911,1230
0.000747001,1240
0.000765387,1250
0.000783515,1260
0.000801968,1270
0.000819134,1280
0.000838084,1290
0.000856552,1300
0.00087475,1310
0.000893469,1320
0.000916183,1330
0.000933702,1340
0.000948029,1350
0.000966377,1360
0.000984443,1370
0.00100296,1380
0.00102129,1390
0.00103922,1400
0.00105866,1410
0.00107589,1420
0.00109418,1430
0.00111229,1440
0.00113105,1450
0.00114911,1460
0.00116718,1470
0.00118745,1480
0.00120373,1490
0.00122225,1500
0.00124015,1510
0.00125849,1520
0.00127787,1530
0.00129521,1540
0.0013134,1550
0.00133251,1560
0.00134989,1570
0.00136803,1580
0.00138738,1590
0.00140503,1600
0.00142395,1610
0.0014412,1620
0.00146072,1630
0.00147782,1640
0.00149704,1650
0.00151434,1660
0.00153365,1670
0.00155161,1680
0.00156998,1690
0.00158751,1700
0.0016068,1710
0.00162502,1720
0.00164203,1730
0.00166161,1740
0.00167831,1750
0.00169768,1760
0.00171612,1770
0.0017346,1780
0.00175184,1790
0.0017741,1800
0.00179098,1810
0.00181248,1820
0.00183053,1830
0.00184362,1840
0.00187066,1850
0.00188132,1860
0.00189962,1870
0.0019179,1880
0.00193573,1890
0.00195418,1900
0.00197256,1910
0.00199017,1920
0.00200857,1930
0.00202671,1940
0.00204476,1950
0.00206302,1960
0.00208161,1970
0.00209972,1980
0.00211858,1990
0.0021361,2000
0.0021551,2010
0.00217273,2020
0.00219358,2030
0.00220916,2040
0.00222788,2050
0.00224722,2060
0.00226498,2070
0.00228261,2080
0.00230152,2090
0.00231908,2100
0.00233712,2110
0.0023566,2120
0.00237378,2130
0.00239201,2140
0.00241171,2150
0.00242888,2160
0.00244862,2170
0.00246502,2180
0.00248489,2190
0.00250241,2200
0.00252109,2210
0.00253812,2220
0.00255675,2230
0.00257511,2240
0.00259395,2250
0.00261163,2260
0.0026833,2270
0.00264989,2280
0.0026658,2290
0.00268556,2300
0.00270409,2310
0.00272273,2320
0.00273911,2330
0.00275883,2340
0.0027768,2350
0.00279506,2360
0.00281224,2370
0.00283282,2380
0.00285037,2390
0.00286792,2400
0.00288681,2410
0.00290414,2420
0.00292366,2430
0.0029508,2440
0.00296008,2450
0.00297763,2460
0.00299588,2470
0.0030149,2480
0.00303279,2490
0.00305105,2500
0.00306939,2510
0.00308727,2520
0.00310625,2530
0.00313888,2540
0.00316571,2550
0.00316768,2560
0.00319993,2570
0.00320853,2580
0.00322354,2590
0.00326185,2600
0.00327227,2610
0.00329687,2620
0.00330784,2630
0.00331185,2640
0.00334913,2650
0.00334985,2660
0.00337216,2670
0.00338673,2680
0.00340886,2690
0.00342808,2700
0.00344472,2710
0.0034722,2720
0.00347597,2730
0.00350065,2740
0.00351564,2750
0.00353539,2760
0.00355331,2770
0.00356818,2780
0.00358514,2790
0.00360953,2800
0.00361986,2810
0.00363777,2820
0.00365497,2830
0.00367396,2840
0.00369034,2850
0.00370997,2860
0.00372792,2870
0.00374467,2880
0.0037645,2890
0.00378377,2900
0.00380904,2910
0.00381988,2920
0.00383683,2930
0.00385402,2940
0.00387395,2950
0.00389354,2960
0.00391145,2970
0.0039285,2980
0.00394665,2990
0.00396509,3000
0.00398388,3010
0.00400182,3020
0.00403872,3030
0.00404253,3040
0.00407134,3050
0.00408835,3060
0.00411172,3070
0.00411707,3080
0.00413054,3090
0.0041494,3100
0.00416712,3110
0.0041852,3120
0.00420317,3130
0.00422154,3140
0.00424283,3150
0.00425702,3160
0.00427613,3170
0.00430365,3180
0.00432112,3190
0.0043311,3200
0.00435024,3210
0.00436921,3220
0.00438601,3230
0.0044043,3240
0.00442112,3250
0.00444025,3260
0.00446018,3270
0.00447747,3280
0.0045047,3290
0.00451481,3300
0.00454071,3310
0.00455901,3320
0.00458649,3330
0.00459004,3340
0.004605,3350
0.00462427,3360
0.00464288,3370
0.00465971,3380
0.00467938,3390
0.00469858,3400
0.0047137,3410
0.00473345,3420
0.00475345,3430
0.00477276,3440
0.00478688,3450
0.00480756,3460
0.00482517,3470
0.00484336,3480
0.00486157,3490
0.00488014,3500
0.00489683,3510
0.00491625,3520
0.00493463,3530
0.00495253,3540
0.00497164,3550
0.0049899,3560
0.0050077,3570
0.00502773,3580
0.00504487,3590
0.00506171,3600
0.00508157,3610
0.00509909,3620
0.00511695,3630
0.00513533,3640
0.00515434,3650
0.00517386,3660
0.00519195,3670
0.00521826,3680
0.00522843,3690
0.00524447,3700
0.00526683,3710
0.00529775,3720
0.00530151,3730
0.00531996,3740
0.00533768,3750
0.00535944,3760
0.00537768,3770
0.00539368,3780
0.0054093,3790
0.00543065,3800
0.00544464,3810
0.0054653,3820
0.0054838,3830
0.00550104,3840
0.00552108,3850
0.0055389,3860
0.00555616,3870
0.00557595,3880
0.00559339,3890
0.00561077,3900
0.00563075,3910
0.00564927,3920
0.0056669,3930
0.00568321,3940
0.00570395,3950
0.0057218,3960
0.00573944,3970
0.00575547,3980
0.00577667,3990
0.00579401,4000
0.00581201,4010
0.0058316,4020
0.00584794,4030
0.00586758,4040
0.00588527,4050
0.00590586,4060
0.00592176,4070
0.00593961,4080
0.00595793,4090
0.00597674,4100
0.0059958,4110
0.0060138,4120
0.00603349,4130
0.00604951,4140
0.00606838,4150
0.00608712,4160
0.00611699,4170
0.00612397,4180
0.00614218,4190
0.00615987,4200
0.00617829,4210
0.00619889,4220
0.00621678,4230
0.00623414,4240
0.00625096,4250
0.0062689,4260
0.00628791,4270
0.00632608,4280
0.00632492,4290
0.00634174,4300
0.00636289,4310
0.00637989,4320
0.0063965,4330
0.00641738,4340
0.00643311,4350
0.00645159,4360
0.00647098,4370
0.00648956,4380
0.00650859,4390
0.00652756,4400
0.00654497,4410
0.00656295,4420
0.00658055,4430
0.00659923,4440
0.00661842,4450
0.00663411,4460
0.0066946,4470
0.00667208,4480
0.00668796,4490
0.00671066,4500
0.00672678,4510
0.00674612,4520
0.00676334,4530
0.00678874,4540
0.00681365,4550
0.00681803,4560
0.00683642,4570
0.00685287,4580
0.00687264,4590
0.00689403,4600
0.00691122,4610
0.00692773,4620
0.00694606,4630
0.00696673,4640
0.00699209,4650
0.00700341,4660
0.00701967,4670
0.00703729,4680
0.00705778,4690
0.00707286,4700
0.00709195,4710
0.00711284,4720
0.0071301,4730
0.00714933,4740
0.0071804,4750
0.00718499,4760
0.00720337,4770
0.0072211,4780
0.0072396,4790
0.00725595,4800
0.00727532,4810
0.00730052,4820
0.00732391,4830
0.00734797,4840
0.00735282,4850
0.00736864,4860
0.00738504,4870
0.00740853,4880
0.00742086,4890
0.00744288,4900
0.00750048,4910
0.00751299,4920
0.00752334,4930
0.00755835,4940
0.00756481,4950
0.00757361,4960
0.00758387,4970
0.00760318,4980
0.00762077,4990
0.00764034,5000
0.00765986,5010
0.00767911,5020
0.00770299,5030
0.00772267,5040
0.00773132,5050
0.00773193,5060
0.00775272,5070
0.00776907,5080
0.00778804,5090
0.00780708,5100
0.00782382,5110
0.0078438,5120
0.00786039,5130
0.00787939,5140
0.00789867,5150
0.00791853,5160
0.00794904,5170
0.00795233,5180
0.00796924,5190
0.00800037,5200
0.00800747,5210
0.00802728,5220
0.00804375,5230
0.00806291,5240
0.00810417,5250
0.00810771,5260
0.00811831,5270
0.00813767,5280
0.0081531,5290
0.00817107,5300
0.00819087,5310
0.00820725,5320
0.00822547,5330
0.00824572,5340
0.00826413,5350
0.00828135,5360
0.0083016,5370
0.00833027,5380
0.00833648,5390
0.00835427,5400
0.00838696,5410
0.00839172,5420
0.00841034,5430
0.00842631,5440
0.00844535,5450
0.00846303,5460
0.00848065,5470
0.00851939,5480
0.0085364,5490
0.00854321,5500
0.00855682,5510
0.00857473,5520
0.00859361,5530
0.00861067,5540
0.00862895,5550
0.00865839,5560
0.00867731,5570
0.00868593,5580
0.0087011,5590
0.00871957,5600
0.00874104,5610
0.00875751,5620
0.00877528,5630
0.00879286,5640
0.00881349,5650
0.00882966,5660
0.00884823,5670
0.00886574,5680
0.00888399,5690
0.00891259,5700
0.00892131,5710
0.00894068,5720
0.00895897,5730
0.00897563,5740
0.00899308,5750
0.00901873,5760
0.00903453,5770
0.00909814,5780
0.00906749,5790
0.00908708,5800
0.00910446,5810
0.00912233,5820
0.00914127,5830
0.00916095,5840
0.00919065,5850
0.00919526,5860
0.00921608,5870
0.00923255,5880
0.00925157,5890
0.00926922,5900
0.00928858,5910
0.0093082,5920
0.00932209,5930
0.00934304,5940
0.00935943,5950
0.00937927,5960
0.00939751,5970
0.00941486,5980
0.00943455,5990
0.00945025,6000
0.009469,6010
0.00948658,6020
0.00950807,6030
0.00952619,6040
0.00956373,6050
0.00958136,6060
0.00957962,6070
0.00959705,6080
0.00962016,6090
0.00963438,6100
0.00965173,6110
0.00968963,6120
0.00968997,6130
0.00970819,6140
0.0097343,6150
0.00975311,6160
0.0097634,6170
0.00980178,6180
0.00979708,6190
0.00981901,6200
0.00983565,6210
0.00985337,6220
0.00987469,6230
0.00988895,6240
0.00991019,6250
0.00992492,6260
0.0099542,6270
0.00996401,6280
0.00998172,6290
0.0100018,6300
0.0100356,6310
0.0100399,6320
0.0100736,6330
0.0101027,6340
0.0101471,6350
0.010171,6360
0.0101581,6370
0.0101662,6380
0.01018,6390
0.0102267,6400
0.0102371,6410
0.010245,6420
0.0102498,6430
0.0102681,6440
0.0102776,6450
0.0102934,6460
0.0103163,6470
0.0103276,6480
0.0103458,6490
0.0103663,6500
0.0103856,6510
0.0104169,6520
0.0104469,6530
0.010456,6540
0.0104586,6550
0.0104809,6560
0.0104973,6570
0.010527,6580
0.0105313,6590
0.0105479,6600
0.0105871,6610
0.0106025,6620
0.0106058,6630
0.0106229,6640
0.0106399,6650
0.0106597,6660
0.0106812,6670
0.0106957,6680
0.0107162,6690
0.0107303,6700
0.0107499,6710
0.0107662,6720
0.0107917,6730
0.010805,6740
0.0108239,6750
0.0108452,6760
0.0108599,6770
0.0108787,6780
0.0108991,6790
0.0109753,6800
0.0109413,6810
0.0109552,6820
0.0109685,6830
0.0109893,6840
0.0110101,6850
0.0110269,6860
0.0110427,6870
0.0110542,6880
0.0110784,6890
0.0110984,6900
0.0111187,6910
0.0111614,6920
0.0111542,6930
0.0111688,6940
0.0111885,6950
0.0112082,6960
0.0112444,6970
0.011245,6980
0.0112624,6990
0.0112816,7000
0.0113005,7010
0.0113192,7020
0.0113496,7030
0.0113631,7040
0.0113738,7050
0.0113949,7060
0.0114127,7070
0.0114268,7080
0.0114619,7090
0.0114641,7100
0.0114833,7110
0.0115004,7120
0.0115219,7130
0.0115404,7140
0.0115573,7150
0.0115758,7160
0.0115899,7170
0.0116103,7180
0.0116295,7190
0.0116603,7200
0.0116653,7210
0.0116847,7220
0.0117028,7230
0.011723,7240
0.0117441,7250
0.0117573,7260
0.0117757,7270
0.0117944,7280
0.0118155,7290
0.0118296,7300
0.0118463,7310
0.0118634,7320
0.0118851,7330
0.0119032,7340
0.0119216,7350
0.0119588,7360
0.0119587,7370
0.0119774,7380
0.0119938,7390
0.0120126,7400
0.0120315,7410
0.0120476,7420
0.012067,7430
0.0120868,7440
0.0121041,7450
0.0121798,7460
0.0121938,7470
0.0123283,7480
0.0122166,7490
0.0122485,7500
0.0122276,7510
0.0122813,7520
0.0122589,7530
0.0122668,7540
0.0122906,7550
0.0123068,7560
0.012323,7570
0.0123419,7580
0.0123592,7590
0.0123937,7600
0.0123965,7610
0.0124316,7620
0.0124342,7630
0.012451,7640
0.0124697,7650
0.012498,7660
0.0125564,7670
0.0125261,7680
0.0125493,7690
0.0125643,7700
0.0125816,7710
0.0125963,7720
0.012621,7730
0.0126348,7740
0.0126547,7750
0.012676,7760
0.0126932,7770
0.0127095,7780
0.0127274,7790
0.0127463,7800
0.0127673,7810
0.0127877,7820
0.0128141,7830
0.012832,7840
0.0128381,7850
0.0128588,7860
0.0128737,7870
0.0129167,7880
0.01291,7890
0.012926,7900
0.0129481,7910
0.0129659,7920
0.0129986,7930
0.0130009,7940
0.0130201,7950
0.013038,7960
0.0130566,7970
0.0130747,7980
0.0130976,7990
0.0131118,8000
0.0131276,8010
0.0131643,8020
0.0131661,8030
0.0131816,8040
0.0132022,8050
0.0132205,8060
0.0132622,8070
0.0132574,8080
0.0132777,8090
0.0132956,8100
0.0133133,8110
0.0133308,8120
0.0133455,8130
0.0133662,8140
0.0133847,8150
0.0134019,8160
0.0134214,8170
0.013439,8180
0.0134574,8190
0.0134778,8200
0.0134942,8210
0.0135159,8220
0.0135307,8230
0.0135503,8240
0.0135674,8250
0.0136082,8260
0.0136037,8270
0.0136219,8280
0.0136418,8290
0.013657,8300
0.0136762,8310
0.0136963,8320
0.0137131,8330
0.013731,8340
0.0137528,8350
0.0137725,8360
0.013788,8370
0.013805,8380
0.0138212,8390
0.013843,8400
0.0138595,8410
0.013907,8420
0.0139338,8430
0.0139729,8440
0.0140367,8450
0.013959,8460
0.0139767,8470
0.0140152,8480
0.0140243,8490
0.0140242,8500
0.014048,8510
0.0140617,8520
0.014084,8530
0.0141106,8540
0.0141127,8550
0.0141396,8560
0.0141543,8570
0.0141821,8580
0.0141923,8590
0.0142067,8600
0.0142264,8610
0.0142448,8620
0.0142791,8630
0.0142796,8640
0.0143018,8650
0.0143208,8660
0.0143343,8670
0.0143525,8680
0.0143739,8690
0.0143894,8700
0.0144091,8710
0.0144433,8720
0.0144459,8730
0.0144667,8740
0.0144874,8750
0.014523,8760
0.0145203,8770
0.0145402,8780
0.014562,8790
0.014572,8800
0.014595,8810
0.0146123,8820
0.0146259,8830
0.0146456,8840
0.0146926,8850
0.0146857,8860
0.0147053,8870
0.0147186,8880
0.0147362,8890
0.0147562,8900
0.0147737,8910
0.0148245,8920
0.0148196,8930
0.0148301,8940
0.0148509,8950
0.014868,8960
0.0148872,8970
0.0149163,8980
0.014922,8990
0.0149378,9000
0.014956,9010
0.0149774,9020
0.0149956,9030
0.0150125,9040
0.0150334,9050
0.015051,9060
0.0150834,9070
0.0150821,9080
0.0151045,9090
0.0151235,9100
0.0151505,9110
0.015159,9120
0.0151812,9130
0.0151954,9140
0.0152521,9150
0.0152288,9160
0.0152523,9170
0.0152704,9180
0.015287,9190
0.0153055,9200
0.0153236,9210
0.0153406,9220
0.0153588,9230
0.0153801,9240
0.0153946,9250
0.0154149,9260
0.0154603,9270
0.0155004,9280
0.0155622,9290
0.0155426,9300
0.0155375,9310
0.0155896,9320
0.0155573,9330
0.0155689,9340
0.0155816,9350
0.0156111,9360
0.0156193,9370
0.0156369,9380
0.0156501,9390
0.0156701,9400
0.0156879,9410
0.0157092,9420
0.0157311,9430
0.0157695,9440
0.0157745,9450
0.0157924,9460
0.0158121,9470
0.0158192,9480
0.0158572,9490
0.0158537,9500
0.0158737,9510
0.0158906,9520
0.0159103,9530
0.0159251,9540
0.0159435,9550
0.0159661,9560
0.0159825,9570
0.0160037,9580
0.0160166,9590
0.0160365,9600
0.0160581,9610
0.016068,9620
0.0160937,9630
0.0161304,9640
0.0161297,9650
0.0161442,9660
0.016166,9670
0.0161806,9680
0.0162003,9690
0.0162215,9700
0.0162386,9710
0.0162572,9720
0.0162779,9730
0.0162934,9740
0.0163099,9750
0.0163444,9760
0.0163501,9770
0.0163637,9780
0.0163837,9790
0.0164611,9800
0.0164174,9810
0.0164434,9820
0.0164555,9830
0.016478,9840
0.0164962,9850
0.0165135,9860
0.0165281,9870
0.0165959,9880
0.0165714,9890
0.016588,9900
0.0166059,9910
0.016625,9920
0.0166421,9930
0.016656,9940
0.0167043,9950
0.0167103,9960
0.0167145,9970
0.0167329,9980
0.0167653,9990
6.01e-07,0
3.701e-06,10
2.711e-06,20
3.523e-06,30
4.402e-06,40
5.436e-06,50
6.424e-06,60
7.403e-06,70
8.427e-06,80
1.0237e-05,90
1.1983e-05,100
1.2961e-05,110
1.4343e-05,120
1.4984e-05,130
1.5993e-05,140
1.7024e-05,150
1.8097e-05,160
1.9159e-05,170
2.0093e-05,180
2.1163e-05,190
2.2133e-05,200
2.3142e-05,210
2.4202e-05,220
2.5232e-05,230
2.6221e-05,240
2.7188e-05,250
2.9192e-05,260
2.9662e-05,270
3.0302e-05,280
3.1344e-05,290
3.2319e-05,300
3.3331e-05,310
3.4353e-05,320
3.538e-05,330
3.6416e-05,340
3.7423e-05,350
3.8455e-05,360
3.9511e-05,370
4.0524e-05,380
4.1529e-05,390
4.2536e-05,400
4.3581e-05,410
4.4575e-05,420
4.5629e-05,430
4.6625e-05,440
4.767e-05,450
4.8721e-05,460
4.9715e-05,470
5.0755e-05,480
5.1768e-05,490
5.2776e-05,500
5.4768e-05,510
5.5195e-05,520
5.5846e-05,530
5.6861e-05,540
5.7886e-05,550
5.8911e-05,560
5.9956e-05,570
6.0973e-05,580
6.1991e-05,590
6.3017e-05,600
6.4034e-05,610
6.5058e-05,620
6.6095e-05,630
6.71e-05,640
6.8172e-05,650
6.9166e-05,660
7.1254e-05,670
7.152e-05,680
7.2268e-05,690
7.3285e-05,700
7.4262e-05,710
7.5305e-05,720
7.6331e-05,730
7.7359e-05,740
7.8355e-05,750
7.9372e-05,760
8.0409e-05,770
8.1457e-05,780
8.243e-05,790
8.4679e-05,800
8.4846e-05,810
8.5554e-05,820
8.6534e-05,830
8.7593e-05,840
8.8606e-05,850
8.9626e-05,860
9.0637e-05,870
9.2371e-05,880
0.000106065,890
0.000124488,900
0.00014363,910
0.000161308,920
0.000179293,930
0.000197531,940
0.000215737,950
0.000235085,960
0.000252771,970
0.000270822,980
0.000289005,990
0.000308281,1000
0.000325934,1010
0.000343869,1020
0.000362856,1030
0.000380677,1040
0.000399507,1050
0.000417211,1060
0.000435173,1070
0.000454417,1080
0.000472003,1090
0.000490967,1100
0.000508474,1110
0.00052742,1120
0.000545017,1130
0.000564017,1140
0.000582461,1150
0.000599807,1160
0.000618716,1170
0.000636382,1180
0.000655285,1190
0.000673795,1200
0.000696817,1210
0.00071022,1220
0.000728612,1230
0.000746892,1240
0.000764315,1250
0.000783097,1260
0.000801715,1270
0.000820104,1280
0.000838332,1290
0.000855577,1300
0.000875022,1310
0.000893118,1320
0.000911354,1330
0.000929732,1340
0.000947964,1350
0.000966195,1360
0.000984266,1370
0.00100244,1380
0.00102112,1390
0.00103948,1400
0.00105756,1410
0.00107585,1420
0.00109462,1430
0.00111213,1440
0.00113168,1450
0.00114882,1460
0.00116693,1470
0.00120203,1480
0.00120388,1490
0.0012259,1500
0.0012414,1510
0.00125824,1520
0.00127651,1530
0.00129609,1540
0.00131319,1550
0.00133171,1560
0.00135152,1570
0.00136823,1580
0.00138696,1590
0.00140599,1600
0.00142381,1610
0.00144273,1620
0.00145968,1630
0.00147838,1640
0.00149623,1650
0.00151709,1660
0.00153265,1670
0.00155408,1680
0.00159426,1690
0.0015948,1700
0.00160881,1710
0.0016337,1720
0.00164689,1730
0.00166095,1740
0.00168212,1750
0.0017007,1760
0.00171564,1770
0.00173513,1780
0.00176875,1790
0.00178483,1800
0.00179033,1810
0.0018078,1820
0.00183471,1830
0.00185908,1840
0.00188785,1850
0.00189372,1860
0.00190972,1870
0.00191932,1880
0.00193585,1890
0.00195412,1900
0.00198283,1910
0.00198961,1920
0.00201702,1930
0.00202761,1940
0.0020564,1950
0.00206544,1960
0.00208221,1970
0.00210099,1980
0.00212954,1990
0.0021397,2000
0.00215556,2010
0.00217365,2020
0.00219414,2030
0.00221051,2040
0.00222947,2050
0.00224594,2060
0.0022675,2070
0.0022833,2080
0.00230167,2090
0.00232246,2100
0.00233958,2110
0.00235684,2120
0.00237683,2130
0.00239345,2140
0.00242169,2150
0.00243192,2160
0.00244823,2170
0.00248329,2180
0.00248411,2190
0.0025031,2200
0.00252026,2210
0.0025398,2220
0.0025568,2230
0.00257593,2240
0.00259411,2250
0.00261408,2260
0.00263293,2270
0.00264848,2280
0.00266781,2290
0.0026856,2300
0.00270204,2310
0.00272081,2320
0.00274054,2330
0.00275874,2340
0.00277619,2350
0.00279543,2360
0.00281365,2370
0.0028319,2380
0.00285104,2390
0.00286796,2400
0.00288618,2410
0.00291976,2420
0.00292319,2430
0.00294094,2440
0.0029598,2450
0.00297823,2460
0.00299573,2470
0.00301443,2480
0.00303284,2490
0.00305111,2500
0.00306877,2510
0.00308701,2520
0.00310604,2530
0.00312449,2540
0.00314198,2550
0.00316062,2560
0.00317843,2570
0.00319792,2580
0.0032166,2590
0.00323619,2600
0.00325129,2610
0.00327003,2620
0.00328976,2630
0.0033069,2640
0.00332417,2650
0.00334406,2660
0.00336136,2670
0.00337991,2680
0.00339852,2690
0.00341674,2700
0.00343529,2710
0.00345287,2720
0.0034719,2730
0.0034901,2740
0.0035093,2750
0.0035261,2760
0.00354554,2770
0.00356366,2780
0.0035815,2790
0.00360007,2800
0.00361814,2810
0.00363667,2820
0.00365445,2830
0.00367232,2840
0.00369108,2850
0.00370857,2860
0.0037277,2870
0.00374594,2880
0.00376511,2890
0.00378205,2900
0.00380074,2910
0.00381926,2920
0.00383738,2930
0.00385585,2940
0.00387445,2950
0.00389135,2960
0.00391025,2970
0.00394329,2980
0.00394662,2990
0.00396424,3000
0.00398433,3010
0.00400152,3020
0.0040203,3030
0.00403898,3040
0.00405569,3050
0.0040751,3060
0.00409349,3070
0.00411201,3080
0.00412925,3090
0.00414805,3100
0.0041666,3110
0.00418318,3120
0.00420211,3130
0.00423616,3140
0.00423879,3150
0.00425706,3160
0.00427558,3170
0.00429425,3180
0.00431256,3190
0.00433038,3200
0.00435069,3210
0.00436731,3220
0.00438457,3230
0.00440532,3240
0.00442223,3250
0.00444135,3260
0.00445809,3270
0.00447688,3280
0.00449535,3290
0.0045143,3300
0.00453217,3310
0.0045513,3320
0.00456724,3330
0.00458685,3340
0.00460591,3350
0.00462297,3360
0.00464263,3370
0.00465955,3380
0.00468071,3390
0.00469716,3400
0.00471522,3410
0.00473466,3420
0.00475197,3430
0.00477193,3440
0.00478792,3450
0.00480693,3460
0.00482518,3470
0.00484244,3480
0.00486192,3490
0.00487988,3500
0.00489864,3510
0.0049181,3520
0.00493356,3530
0.00495741,3540
0.0049692,3550
0.0050389,3560
0.00500714,3570
0.0050259,3580
0.00504333,3590
0.00506218,3600
0.00508062,3610
0.00509829,3620
0.00511784,3630
0.00513474,3640
0.0051536,3650
0.00517222,3660
0.00519104,3670
0.00520904,3680
0.00522784,3690
0.00524447,3700
0.00526417,3710
0.00528128,3720
0.00529907,3730
0.00534749,3740
0.00534774,3750
0.00535425,3760
0.00537548,3770
0.00540569,3780
0.00540901,3790
0.00543953,3800
0.00544613,3810
0.0054659,3820
0.00548343,3830
0.00550179,3840
0.00551779,3850
0.00553796,3860
0.00555577,3870
0.00557637,3880
0.0055923,3890
0.00560889,3900
0.00563078,3910
0.00566907,3920
0.00566747,3930
0.00568503,3940
0.00570195,3950
0.00572161,3960
0.00573981,3970
0.00575804,3980
0.00577607,3990
0.0057952,4000
0.00581342,4010
0.00583055,4020
0.00587255,4030
0.00586842,4040
0.00588609,4050
0.00590152,4060
0.00592359,4070
0.0059407,4080
0.00595866,4090
0.00597715,4100
0.00599684,4110
0.00601428,4120
0.00603179,4130
0.00605034,4140
0.00606821,4150
0.0060875,4160
0.00610584,4170
0.00612297,4180
0.00614326,4190
0.0061607,4200
0.00617827,4210
0.00619637,4220
0.00621588,4230
0.00625035,4240
0.00625363,4250
0.00627062,4260
0.00628844,4270
0.00630715,4280
0.00632464,4290
0.00634409,4300
0.00636135,4310
0.00637827,4320
0.00639883,4330
0.00641333,4340
0.00643513,4350
0.00645182,4360
0.00647251,4370
0.00648789,4380
0.00650628,4390
0.00653014,4400
0.00654585,4410
0.00656073,4420
0.00658194,4430
0.00661362,4440
0.00661891,4450
0.00663464,4460
0.00665216,4470
0.00667458,4480
0.00669038,4490
0.00671016,4500
0.00672634,4510
0.00674375,4520
0.00676364,4530
0.00678098,4540
0.00680176,4550
0.00681835,4560
0.00683794,4570
0.00685468,4580
0.00687411,4590
0.00690463,4600
0.00692257,4610
0.00693327,4620
0.00699491,4630
0.00701511,4640
0.00700609,4650
0.00704986,4660
0.00705429,4670
0.00705789,4680
0.00707485,4690
0.00709373,4700
0.00711018,4710
0.0071314,4720
0.00714102,4730
0.00715014,4740
0.00717149,4750
0.00718829,4760
0.00720385,4770
0.00722132,4780
0.0072394,4790
0.00725647,4800
0.00728756,4810
0.00729329,4820
0.00731159,4830
0.00733259,4840
0.00734797,4850
0.0073693,4860
0.00738595,4870
0.00740145,4880
0.00742227,4890
0.00744183,4900
0.0074607,4910
0.00747643,4920
0.00749441,4930
0.00751204,4940
0.00753115,4950
0.00754879,4960
0.0075661,4970
0.00758628,4980
0.00760549,4990
0.00762404,5000
0.00763897,5010
0.00767242,5020
0.0076765,5030
0.00769755,5040
0.00771451,5050
0.0077351,5060
0.00775342,5070
0.0077724,5080
0.00778927,5090
0.00780646,5100
0.00782267,5110
0.00784244,5120
0.0078624,5130
0.00787944,5140
0.00795153,5150
0.00791471,5160
0.00793444,5170
0.00795203,5180
0.00797195,5190
0.00798886,5200
0.00800713,5210
0.00802412,5220
0.00805854,5230
0.00806165,5240
0.0080819,5250
0.00809949,5260
0.00811685,5270
0.00813436,5280
0.00815399,5290
0.00817094,5300
0.00818941,5310
0.00820773,5320
0.0082262,5330
0.00824638,5340
0.0082654,5350
0.00828109,5360
0.00830019,5370
0.00832097,5380
0.00833556,5390
0.00835459,5400
0.00837226,5410
0.00839253,5420
0.00841077,5430
0.0084262,5440
0.00844665,5450
0.0084705,5460
0.0084816,5470
0.00850169,5480
0.00852113,5490
0.00853585,5500
0.00855671,5510
0.00857312,5520
0.00861976,5530
0.00860986,5540
0.00862575,5550
0.00864787,5560
0.00866388,5570
0.0086859,5580
0.00870351,5590
0.00871976,5600
0.00876083,5610
0.00875765,5620
0.0087768,5630
0.00879396,5640
0.00881199,5650
0.00883143,5660
0.00885221,5670
0.00886892,5680
0.00888512,5690
0.00890286,5700
0.00892233,5710
0.00894219,5720
0.00895709,5730
0.00897636,5740
0.00901372,5750
0.00901414,5760
0.00902924,5770
0.00905102,5780
0.0090689,5790
0.00908389,5800
0.00910507,5810
0.00913564,5820
0.0091433,5830
0.00915753,5840
0.00917646,5850
0.00919888,5860
0.00921427,5870
0.00923062,5880
0.00924832,5890
0.00927723,5900
0.00930473,5910
0.00932199,5920
0.0093299,5930
0.00937125,5940
0.00936637,5950
0.00938422,5960
0.00939896,5970
0.0094184,5980
0.00943471,5990
0.00945104,6000
0.00947171,6010
0.00948763,6020
0.00950788,6030
0.00952336,6040
0.00954582,6050
0.00956361,6060
0.00958086,6070
0.00959929,6080
0.00961619,6090
0.00965131,6100
0.00965206,6110
0.00967045,6120
0.00972025,6130
0.00973064,6140
0.00977067,6150
0.00979984,6160
0.00982012,6170
0.00982286,6180
0.00980408,6190
0.00982368,6200
0.00985849,6210
0.0098588,6220
0.00988427,6230
0.00989049,6240
0.00991091,6250
0.00992676,6260
0.00994507,6270
0.00996292,6280
0.010031,6290
0.0100021,6300
0.0100189,6310
0.0100352,6320
0.0100554,6330
0.0100713,6340
0.010107,6350
0.0101252,6360
0.0101434,6370
0.0102675,6380
0.0101699,6390
0.0101822,6400
0.0102021,6410
0.010236,6420
0.0102353,6430
0.0102568,6440
0.0102765,6450
0.0102954,6460
0.0103099,6470
0.0103456,6480
0.0103504,6490
0.0103643,6500
0.0103843,6510
0.0104053,6520
0.0104193,6530
0.0104526,6540
0.0104577,6550
0.0104789,6560
0.0104934,6570
0.0105141,6580
0.0105311,6590
0.0105669,6600
0.0105687,6610
0.010587,6620
0.010603,6630
0.0106291,6640
0.010643,6650
0.0106583,6660
0.0107097,6670
0.0106967,6680
0.0107117,6690
0.0107316,6700
0.0107519,6710
0.0107679,6720
0.0107874,6730
0.0108059,6740
0.0108243,6750
0.0108434,6760
0.0108595,6770
0.01088,6780
0.0108991,6790
0.0109139,6800
0.0109344,6810
0.0109534,6820
0.0109713,6830
0.0109885,6840
0.0110076,6850
0.0110246,6860
0.0110407,6870
0.011063,6880
0.0110829,6890
0.011125,6900
0.0111166,6910
0.0111348,6920
0.0111543,6930
0.0111719,6940
0.0111895,6950
0.0112091,6960
0.0112237,6970
0.0112422,6980
0.0112614,6990
0.0112827,7000
0.0113024,7010
0.0113203,7020
0.0113357,7030
0.0113524,7040
0.0113732,7050
0.0113922,7060
0.0114104,7070
0.0114286,7080
0.0114441,7090
0.011465,7100
0.0114774,7110
0.0115033,7120
0.0115172,7130
0.0115391,7140
0.011555,7150
0.011573,7160
0.0115907,7170
0.0116256,7180
0.011627,7190
0.0116471,7200
0.0116672,7210
0.0116836,7220
0.0117582,7230
0.0117178,7240
0.0117367,7250
0.0117537,7260
0.0117773,7270
0.011795,7280
0.0118682,7290
0.0118551,7300
0.0119176,7310
0.0119086,7320
0.0119462,7330
0.0119377,7340
0.0119437,7350
0.0119567,7360
0.011973,7370
0.0119757,7380
0.0119946,7390
0.0120125,7400
0.0120286,7410
0.012051,7420
0.0120695,7430
0.0120893,7440
0.0121254,7450
0.0121224,7460
0.0121379,7470
0.0121598,7480
0.0121802,7490
0.0121968,7500
0.0122205,7510
0.012235,7520
0.0122586,7530
0.0122697,7540
0.0122994,7550
0.0123056,7560
0.0123246,7570
0.0123414,7580
0.012358,7590
0.0123759,7600
0.0124171,7610
0.0124145,7620
0.0124344,7630
0.0124531,7640
0.0124703,7650
0.0124859,7660
0.0125078,7670
0.0125215,7680
0.0125407,7690
0.0125799,7700
0.0127509,7710
0.0125983,7720
0.0126146,7730
0.0126359,7740
0.0126544,7750
0.0126864,7760
0.0126876,7770
0.0127071,7780
0.0127234,7790
0.0127477,7800
0.012765,7810
0.0127817,7820
0.012797,7830
0.0128172,7840
0.0128343,7850
0.0128729,7860
0.0128708,7870
0.0128895,7880
0.0129082,7890
0.0129298,7900
0.0129448,7910
0.0129635,7920
0.0129824,7930
0.0130008,7940
0.0130227,7950
0.0130539,7960
0.013054,7970
0.0130729,7980
0.0130942,7990
0.0131131,8000
0.0131239,8010
0.0131455,8020
0.0131694,8030
0.0131834,8040
0.013204,8050
0.0132723,8060
0.0132377,8070
0.0132538,8080
0.0132755,8090
0.0132941,8100
0.0133118,8110
0.0133293,8120
0.0133451,8130
0.0133662,8140
0.0134049,8150
0.0134016,8160
0.0134211,8170
0.0134384,8180
0.0134587,8190
0.0134954,8200
0.0134918,8210
0.0135151,8220
0.0135332,8230
0.0135481,8240
0.0135906,8250
0.0135891,8260
0.0136565,8270
0.0136753,8280
0.0137241,8290
0.0136954,8300
0.0136913,8310
0.013703,8320
0.0137188,8330
0.013733,8340
0.0137505,8350
0.0137692,8360
0.0137874,8370
0.0138054,8380
0.0138235,8390
0.0138404,8400
0.0138604,8410
0.0138808,8420
0.0138955,8430
0.0139172,8440
0.0139322,8450
0.0139561,8460
0.0139686,8470
0.0140011,8480
0.0140066,8490
0.0140243,8500
0.0140429,8510
0.0140753,8520
0.0140799,8530
0.0140971,8540
0.0141136,8550
0.014137,8560
0.0141504,8570
0.0141702,8580
0.0141894,8590
0.0142054,8600
0.0142301,8610
0.0142596,8620
0.0142611,8630
0.01428,8640
0.014303,8650
0.0143157,8660
0.0143352,8670
0.0143617,8680
0.014371,8690
0.0144086,8700
0.014413,8710
0.0144289,8720
0.0144452,8730
0.0144619,8740
0.0144807,8750
0.0144994,8760
0.0145225,8770
0.0145336,8780
0.0146113,8790
0.0145703,8800
0.0146143,8810
0.0146254,8820
0.0146285,8830
0.0146614,8840
0.0146692,8850
0.0146838,8860
0.0147003,8870
0.0147189,8880
0.014735,8890
0.0147552,8900
0.0147712,8910
0.0148119,8920
0.0148144,8930
0.014829,8940
0.0148496,8950
0.0148673,8960
0.0149131,8970
0.0149068,8980
0.0149299,8990
0.0149407,9000
0.014956,9010
0.0149724,9020
0.0149941,9030
0.0150113,9040
0.0150408,9050
0.0150494,9060
0.0150663,9070
0.0150874,9080
0.0151037,9090
0.0151231,9100
0.0151606,9110
0.0151621,9120
0.015174,9130
0.0152127,9140
0.0152558,9150
0.0153138,9160
0.0153283,9170
0.0153276,9180
0.0153157,9190
0.0153087,9200
0.0153203,9210
0.0153366,9220
0.0153621,9230
0.0153766,9240
0.0153976,9250
0.0154271,9260
0.0154353,9270
0.0154508,9280
0.0154704,9290
0.0154948,9300
0.0155098,9310
0.0155283,9320
0.0155396,9330
0.0155745,9340
0.015597,9350
0.0156032,9360
0.0156134,9370
0.0156371,9380
0.0156563,9390
0.0156688,9400
0.0156928,9410
0.0157059,9420
0.015725,9430
0.0157463,9440
0.0157606,9450
0.0157852,9460
0.0158514,9470
0.0158182,9480
0.0158359,9490
0.0158545,9500
0.0158995,9510
0.0158906,9520
0.0159083,9530
0.0159305,9540
0.015963,9550
0.0159648,9560
0.0159824,9570
0.0159977,9580
0.0160168,9590
0.0160379,9600
0.0160578,9610
0.0160748,9620
0.0161295,9630
0.0161129,9640
0.0161495,9650
0.0161466,9660
0.0161828,9670
0.016183,9680
0.0161985,9690
0.0162214,9700
0.0162363,9710
0.0162601,9720
0.0162736,9730
0.0162929,9740
0.0163099,9750
0.0163313,9760
0.0163457,9770
0.0163639,9780
0.0164129,9790
0.0164091,9800
0.0164209,9810
0.0164573,9820
0.0164585,9830
0.0164757,9840
0.0165115,9850
0.0165887,9860
0.0166008,9870
0.0165658,9880
0.0165769,9890
0.0165864,9900
0.0166058,9910
0.016623,9920
0.0166399,9930
0.0166768,9940
0.0166739,9950
0.0166939,9960
0.0167123,9970
0.0167627,9980
0.0167499,9990
3.16e-07,0
3.549e-06,10
2.851e-06,20
3.435e-06,30
4.444e-06,40
5.432e-06,50
6.434e-06,60
7.427e-06,70
8.455e-06,80
1.0216e-05,90
1.1953e-05,100
1.3012e-05,110
1.4001e-05,120
1.5042e-05,130
1.704e-05,140
1.7487e-05,150
1.8113e-05,160
1.9107e-05,170
2.0098e-05,180
2.116e-05,190
2.2165e-05,200
2.3182e-05,210
2.4168e-05,220
2.5168e-05,230
2.6204e-05,240
2.7209e-05,250
2.8227e-05,260
2.9228e-05,270
3.0263e-05,280
3.1298e-05,290
3.2326e-05,300
3.3341e-05,310
3.4375e-05,320
3.5369e-05,330
3.6387e-05,340
3.7409e-05,350
3.8473e-05,360
3.9476e-05,370
4.0486e-05,380
4.154e-05,390
4.2567e-05,400
4.3532e-05,410
4.4585e-05,420
4.5599e-05,430
4.6629e-05,440
4.8706e-05,450
4.9076e-05,460
4.9753e-05,470
5.0734e-05,480
5.175e-05,490
5.2779e-05,500
5.3824e-05,510
5.4836e-05,520
5.5837e-05,530
5.6851e-05,540
5.7894e-05,550
5.8924e-05,560
5.996e-05,570
6.0972e-05,580
6.1992e-05,590
6.3016e-05,600
6.4058e-05,610
6.5071e-05,620
6.7199e-05,630
6.7487e-05,640
6.8174e-05,650
6.9159e-05,660
7.0168e-05,670
7.1205e-05,680
7.2249e-05,690
7.3242e-05,700
7.4264e-05,710
7.5307e-05,720
7.6318e-05,730
7.7377e-05,740
7.8351e-05,750
7.9421e-05,760
8.1358e-05,770
8.1764e-05,780
8.2475e-05,790
8.348e-05,800
8.4534e-05,810
8.5538e-05,820
8.6537e-05,830
8.7566e-05,840
8.8614e-05,850
8.9623e-05,860
9.0647e-05,870
9.3302e-05,880
0.00010643,890
0.000124479,900
0.000142709,910
0.000160955,920
0.000179247,930
0.000197528,940
0.000216642,950
0.000234425,960
0.000252425,970
0.000270707,980
0.000289982,990
0.00030759,1000
0.000325605,1010
0.000344834,1020
0.000362339,1030
0.000380289,1040
0.000399498,1050
0.000417241,1060
0.000436123,1070
0.000453671,1080
0.000472522,1090
0.000490315,1100
0.000509144,1110
0.000526719,1120
0.000545637,1130
0.000563324,1140
0.000582242,1150
0.000599758,1160
0.000618786,1170
0.000637429,1180
0.000654547,1190
0.000673516,1200
0.000692021,1210
0.000709539,1220
0.000728334,1230
0.000746964,1240
0.00076521,1250
0.000782485,1260
0.000801649,1270
0.000820057,1280
0.000838203,1290
0.000856821,1300
0.000874989,1310
0.000893047,1320
0.000910412,1330
0.000929264,1340
0.000947815,1350
0.000966155,1360
0.000984454,1370
0.00100245,1380
0.00102118,1390
0.00103944,1400
0.00105743,1410
0.00107566,1420
0.00109511,1430
0.00111222,1440
0.00113067,1450
0.00114872,1460
0.00116701,1470
0.00118553,1480
0.0012034,1490
0.00122251,1500
0.00124018,1510
0.00125846,1520
0.00127672,1530
0.00129595,1540
0.00131342,1550
0.00133161,1560
0.00135098,1570
0.00136791,1580
0.001387,1590
0.00140473,1600
0.00142279,1610
0.00144207,1620
0.00145967,1630
0.00147846,1640
0.00149618,1650
0.00151561,1660
0.00153272,1670
0.00155157,1680
0.00156914,1690
0.0015882,1700
0.00160673,1710
0.00162378,1720
0.00164278,1730
0.00166167,1740
0.00167868,1750
0.00169776,1760
0.00172901,1770
0.00173836,1780
0.00176633,1790
0.00177117,1800
0.00178957,1810
0.00180729,1820
0.00182494,1830
0.00184415,1840
0.00186228,1850
0.0018809,1860
0.00189871,1870
0.00191725,1880
0.00193579,1890
0.00195372,1900
0.00197209,1910
0.00198972,1920
0.00200839,1930
0.00202665,1940
0.00204572,1950
0.00206281,1960
0.00208124,1970
0.0021,1980
0.00211806,1990
0.00213647,2000
0.00215438,2010
0.00217388,2020
0.00219095,2030
0.00220909,2040
0.00222807,2050
0.00224586,2060
0.00226476,2070
0.00228277,2080
0.0023499,2090
0.00232016,2100
0.00233777,2110
0.00235572,2120
0.00237441,2130
0.00239188,2140
0.00241024,2150
0.00242992,2160
0.00244692,2170
0.00246629,2180
0.00248371,2190
0.00250255,2200
0.00251984,2210
0.00253907,2220
0.00255639,2230
0.0025761,2240
0.0025941,2250
0.00261156,2260
0.00263091,2270
0.0026481,2280
0.00266676,2290
0.00268546,2300
0.00270338,2310
0.00272133,2320
0.00274027,2330
0.00275847,2340
0.00277694,2350
0.0027937,2360
0.00281286,2370
0.00283154,2380
0.00284934,2390
0.00286826,2400
0.00288624,2410
0.00290392,2420
0.00292321,2430
0.00294157,2440
0.00295973,2450
0.00297806,2460
0.00299635,2470
0.00301392,2480
0.00303201,2490
0.00305105,2500
0.00307453,2510
0.00308848,2520
0.00310523,2530
0.00312424,2540
0.00314279,2550
0.00317425,2560
0.00317869,2570
0.00319756,2580
0.00321647,2590
0.00323318,2600
0.00325244,2610
0.00327003,2620
0.00328858,2630
0.00330683,2640
0.00332476,2650
0.00334423,2660
0.00336196,2670
0.00338023,2680
0.0033987,2690
0.00341586,2700
0.00343659,2710
0.00345338,2720
0.00347136,2730
0.00348963,2740
0.00352121,2750
0.00352619,2760
0.00354547,2770
0.00356202,2780
0.00358362,2790
0.00360015,2800
0.00361932,2810
0.00363664,2820
0.00365329,2830
0.00367343,2840
0.0036915,2850
0.00370791,2860
0.0037271,2870
0.00374649,2880
0.00376614,2890
0.00378185,2900
0.00380203,2910
0.00381927,2920
0.00383904,2930
0.00385673,2940
0.00387412,2950
0.00390857,2960
0.0039094,2970
0.00392894,2980
0.00394622,2990
0.00396515,3000
0.00398383,3010
0.00400212,3020
0.00402071,3030
0.0040382,3040
0.00405645,3050
0.00407463,3060
0.00409538,3070
0.00411181,3080
0.00414364,3090
0.00414863,3100
0.00416619,3110
0.00418328,3120
0.00420533,3130
0.00422248,3140
0.00423958,3150
0.00425841,3160
0.00427587,3170
0.00430303,3180
0.00431171,3190
0.00433075,3200
0.00435055,3210
0.00436786,3220
0.0043861,3230
0.0044207,3240
0.0044212,3250
0.0044406,3260
0.00445781,3270
0.00447797,3280
0.00449482,3290
0.00451435,3300
0.00453137,3310
0.0045502,3320
0.00456793,3330
0.00458829,3340
0.00460622,3350
0.00462473,3360
0.00464241,3370
0.0046603,3380
0.00467853,3390
0.00469651,3400
0.00471817,3410
0.00473173,3420
0.00475171,3430
0.0047708,3440
0.0047882,3450
0.0048058,3460
0.00482587,3470
0.00484272,3480
0.00486155,3490
0.00487916,3500
0.00491302,3510
0.00491725,3520
0.00493486,3530
0.00495253,3540
0.00496981,3550
0.00498813,3560
0.00500899,3570
0.00502684,3580
0.00504468,3590
0.00506238,3600
0.0050803,3610
0.00510021,3620
0.00511787,3630
0.0051476,3640
0.00515371,3650
0.00517276,3660
0.00518986,3670
0.00520834,3680
0.00522544,3690
0.00524541,3700
0.00526462,3710
0.00528093,3720
0.00529867,3730
0.00531976,3740
0.00533633,3750
0.00536622,3760
0.00537497,3770
0.00539045,3780
0.00540954,3790
0.00542821,3800
0.00544435,3810
0.00546648,3820
0.00548421,3830
0.00550312,3840
0.00551788,3850
0.00553917,3860
0.00555563,3870
0.00557665,3880
0.00559256,3890
0.00560947,3900
0.00563927,3910
0.0056707,3920
0.00567605,3930
0.00571972,3940
0.00571595,3950
0.00577194,3960
0.00576478,3970
0.00578106,3980
0.0058052,3990
0.00580365,4000
0.00581633,4010
0.00583274,4020
0.00585145,4030
0.00586863,4040
0.00588775,4050
0.0059066,4060
0.00592677,4070
0.00594076,4080
0.0059571,4090
0.0059782,4100
0.0059953,4110
0.00601387,4120
0.00603342,4130
0.0060507,4140
0.00606846,4150
0.00608759,4160
0.00610504,4170
0.00612565,4180
0.00614175,4190
0.00616006,4200
0.00617805,4210
0.00619754,4220
0.00621498,4230
0.00623103,4240
0.00625425,4250
0.00626997,4260
0.00628635,4270
0.00630695,4280
0.00632376,4290
0.00634561,4300
0.00637324,4310
0.00637914,4320
0.00639712,4330
0.00641585,4340
0.00643443,4350
0.00645184,4360
0.00650334,4370
0.00653034,4380
0.00651179,4390
0.00652523,4400
0.00660394,4410
0.00656304,4420
0.00658133,4430
0.00660091,4440
0.00661634,4450
0.0066339,4460
0.00665505,4470
0.00667181,4480
0.00669163,4490
0.0067255,4500
0.00672597,4510
0.0067448,4520
0.00676274,4530
0.00678131,4540
0.00680031,4550
0.00681791,4560
0.00684071,4570
0.00685616,4580
0.0068735,4590
0.00689044,4600
0.00690873,4610
0.0069371,4620
0.00695154,4630
0.0069662,4640
0.00698331,4650
0.00700084,4660
0.007021,4670
0.00703847,4680
0.00707149,4690
0.00707356,4700
0.00708947,4710
0.00711212,4720
0.00713295,4730
0.00714919,4740
0.0071677,4750
0.00718494,4760
0.00720104,4770
0.00723166,4780
0.0072379,4790
0.00725747,4800
0.00727583,4810
0.00729448,4820
0.00731193,4830
0.00733256,4840
0.00734781,4850
0.00736595,4860
0.00738708,4870
0.00740332,4880
0.00742199,4890
0.00743947,4900
0.00745859,4910
0.00747736,4920
0.00749604,4930
0.00751141,4940
0.00753215,4950
0.00754794,4960
0.00757052,4970
0.00758529,4980
0.00760573,4990
0.00762528,5000
0.00764102,5010
0.00766116,5020
0.00767599,5030
0.0076947,5040
0.00771616,5050
0.00773079,5060
0.00775083,5070
0.00776927,5080
0.00778942,5090
0.00780664,5100
0.00782615,5110
0.0078589,5120
0.00786191,5130
0.00787736,5140
0.00789713,5150
0.00791579,5160
0.00793539,5170
0.00795322,5180
0.00796973,5190
0.00800392,5200
0.00800775,5210
0.00802423,5220
0.0080607,5230
0.00806351,5240
0.00807952,5250
0.00809867,5260
0.00811651,5270
0.00814756,5280
0.00815345,5290
0.00817148,5300
0.0081891,5310
0.00821085,5320
0.00822586,5330
0.00824724,5340
0.00826262,5350
0.00828015,5360
0.00829886,5370
0.0083212,5380
0.00833479,5390
0.00835646,5400
0.00837305,5410
0.00839248,5420
0.00842014,5430
0.00842896,5440
0.00844847,5450
0.00846192,5460
0.00848597,5470
0.0085018,5480
0.00852093,5490
0.0085373,5500
0.00857143,5510
0.00857355,5520
0.00859122,5530
0.00861,5540
0.00862979,5550
0.00864618,5560
0.00866811,5570
0.00870094,5580
0.00870292,5590
0.00871961,5600
0.00873943,5610
0.00875579,5620
0.00877443,5630
0.00882498,5640
0.00883845,5650
0.00891785,5660
0.00889365,5670
0.00891954,5680
0.0089239,5690
0.00891042,5700
0.00892651,5710
0.00895593,5720
0.00900285,5730
0.00898607,5740
0.00899617,5750
0.00901423,5760
0.00903056,5770
0.00904889,5780
0.0090675,5790
0.00908558,5800
0.00910493,5810
0.00912274,5820
0.00914302,5830
0.00916228,5840
0.00917578,5850
0.00919498,5860
0.00923476,5870
0.00923162,5880
0.00925258,5890
0.00926965,5900
0.00930147,5910
0.0093061,5920
0.00932587,5930
0.0093642,5940
0.00936462,5950
0.00937832,5960
0.00939748,5970
0.00941842,5980
0.0094321,5990
0.00945242,6000
0.00948186,6010
0.00948839,6020
0.00950888,6030
0.00952639,6040
0.00954727,6050
0.00956374,6060
0.0095955,6070
0.00959757,6080
0.00961598,6090
0.00963967,6100
0.00965336,6110
0.0096718,6120
0.0096862,6130
0.00970927,6140
0.00972561,6150
0.00974431,6160
0.00976835,6170
0.00978342,6180
0.00980039,6190
0.00981422,6200
0.0098346,6210
0.0098874,6220
0.00988613,6230
0.00989262,6240
0.00991158,6250
0.00992746,6260
0.00994768,6270
0.00996288,6280
0.00998154,6290
0.00999849,6300
0.0100183,6310
0.0100364,6320
0.0100685,6330
0.0100742,6340
0.010092,6350
0.0101125,6360
0.0101282,6370
0.0101498,6380
0.0101628,6390
0.0102023,6400
0.0101995,6410
0.0102204,6420
0.0102399,6430
0.0102558,6440
0.010274,6450
0.0103068,6460
0.0103109,6470
0.010329,6480
0.0103462,6490
0.0103679,6500
0.0103834,6510
0.010412,6520
0.0104262,6530
0.0104491,6540
0.010458,6550
0.0104772,6560
0.0104969,6570
0.0105126,6580
0.0105299,6590
0.0105525,6600
0.0105705,6610
0.0105846,6620
0.010603,6630
0.0106182,6640
0.0106408,6650
0.0106599,6660
0.0106783,6670
0.0106987,6680
0.0107146,6690
0.0107469,6700
0.0107505,6710
0.0107716,6720
0.0107881,6730
0.0108085,6740
0.0108223,6750
0.0108942,6760
0.0108604,6770
0.0108746,6780
0.0108942,6790
0.0109152,6800
0.0109331,6810
0.0109747,6820
0.010973,6830
0.0109872,6840
0.0110093,6850
0.0110247,6860
0.0110457,6870
0.0110739,6880
0.0110801,6890
0.0111521,6900
0.0112739,6910
0.0112315,6920
0.0112409,6930
0.0112624,6940
0.0112243,6950
0.011217,6960
0.0112263,6970
0.0112441,6980
0.0112898,6990
0.011285,7000
0.0113009,7010
0.0113164,7020
0.011333,7030
0.0113555,7040
0.0113719,7050
0.0113898,7060
0.0114082,7070
0.0114265,7080
0.0114435,7090
0.0114627,7100
0.0114799,7110
0.0115011,7120
0.011518,7130
0.0115385,7140
0.0115623,7150
0.0116238,7160
0.0115914,7170
0.011609,7180
0.0116317,7190
0.0116452,7200
0.0116631,7210
0.0116855,7220
0.0116997,7230
0.0117168,7240
0.0117388,7250
0.0117583,7260
0.0117906,7270
0.0117925,7280
0.0118115,7290
0.0118274,7300
0.0118486,7310
0.0118755,7320
0.0118904,7330
0.0119051,7340
0.0119201,7350
0.0119353,7360
0.0119566,7370
0.0119778,7380
0.0119926,7390
0.0120089,7400
0.0120322,7410
0.0120489,7420
0.0120884,7430
0.0120887,7440
0.0121043,7450
0.0121271,7460
0.0121385,7470
0.0121752,7480
0.0121779,7490
0.0121943,7500
0.0122117,7510
0.0122318,7520
0.0122497,7530
0.0122714,7540
0.0122864,7550
0.0123047,7560
0.0123225,7570
0.0126021,7580
0.012366,7590
0.0123888,7600
0.0123945,7610
0.0124187,7620
0.0124343,7630
0.0125045,7640
0.0124714,7650
0.0124867,7660
0.0125057,7670
0.0125283,7680
0.012555,7690
0.0125633,7700
0.0125786,7710
0.0125977,7720
0.0126235,7730
0.0126539,7740
0.01265,7750
0.0126748,7760
0.01269,7770
0.0127075,7780
0.0127257,7790
0.0127445,7800
0.0127641,7810
0.0127815,7820
0.0127981,7830
0.0128344,7840
0.0128419,7850
0.0128543,7860
0.0128726,7870
0.0128891,7880
0.0129121,7890
0.0129253,7900
0.0129467,7910
0.0129639,7920
0.0130095,7930
0.0130356,7940
0.0130848,7950
0.0130932,7960
0.0130922,7970
0.0130836,7980
0.0131012,7990
0.013118,8000
0.0131334,8010
0.013148,8020
0.0131838,8030
0.0132334,8040
0.0132452,8050
0.0132656,8060
0.0132538,8070
0.0132695,8080
0.0132977,8090
0.0132967,8100
0.0133119,8110
0.0133584,8120
0.0133524,8130
0.0133658,8140
0.013383,8150
0.0134032,8160
0.0134221,8170
0.0134495,8180
0.0134582,8190
0.0134882,8200
0.0134924,8210
0.0135172,8220
0.0135436,8230
0.013556,8240
0.0135689,8250
0.0135893,8260
0.0136054,8270
0.0136201,8280
0.01364,8290
0.0136562,8300
0.0136782,8310
0.013697,8320
0.0137116,8330
0.0137341,8340
0.0137519,8350
0.0137665,8360
0.0138089,8370
0.0138053,8380
0.0138238,8390
0.0138396,8400
0.013865,8410
0.0139341,8420
0.0138992,8430
0.0139138,8440
0.0139334,8450
0.0139677,8460
0.0139696,8470
0.0139903,8480
0.0140081,8490
0.0140311,8500
0.0140627,8510
0.0140603,8520
0.0140802,8530
0.0140986,8540
0.0141173,8550
0.0141302,8560
0.014155,8570
0.0141806,8580
0.0141898,8590
0.014209,8600
0.0142235,8610
0.014246,8620
0.0142656,8630
0.0142751,8640
0.0142957,8650
0.0143189,8660
0.0143575,8670
0.0143713,8680
0.0144237,8690
0.0143954,8700
0.0144095,8710
0.0144269,8720
0.0144566,8730
0.0144671,8740
0.0144871,8750
0.0145022,8760
0.0145196,8770
0.0145557,8780
0.0145583,8790
0.0145752,8800
0.0145918,8810
0.0146052,8820
0.0146317,8830
0.01467,8840
0.0147349,8850
0.0147431,8860
0.0147606,8870
0.0147594,8880
0.0147637,8890
0.014768,8900
0.0147914,8910
0.0148104,8920
0.0148247,8930
0.0148304,8940
0.014849,8950
0.0148639,8960
0.0148886,8970
0.014902,8980
0.0149298,8990
0.0149462,9000
0.0149582,9010
0.0149771,9020
0.0149923,9030
0.0150091,9040
0.0150468,9050
0.0150541,9060
0.0150659,9070
0.0150836,9080
0.0151023,9090
0.0151242,9100
0.0151375,9110
0.0152129,9120
0.0151767,9130
0.0151966,9140
0.015215,9150
0.0152503,9160
0.0152542,9170
0.0152718,9180
0.0152874,9190
0.0153079,9200
0.0153223,9210
0.0153387,9220
0.0153617,9230
0.0153801,9240
0.0154116,9250
0.0154173,9260
0.0154281,9270
0.0154486,9280
0.0154888,9290
0.0154863,9300
0.0155073,9310
0.0155205,9320
0.0155446,9330
0.015561,9340
0.0155769,9350
0.0155983,9360
0.0156457,9370
0.0157131,9380
0.0157179,9390
0.0157282,9400
0.0157275,9410
0.0157164,9420
0.0157318,9430
0.0157437,9440
0.0157926,9450
0.0157806,9460
0.0158021,9470
0.0158147,9480
0.0158538,9490
0.0158525,9500
0.0158823,9510
0.0158899,9520
0.0159147,9530
0.015929,9540
0.0159562,9550
0.0159662,9560
0.0159837,9570
0.0159971,9580
0.0160232,9590
0.0160345,9600
0.0160564,9610
0.0160724,9620
0.0160896,9630
0.0161086,9640
0.0161874,9650
0.0161971,9660
0.0162611,9670
0.0162347,9680
0.0162599,9690
0.0162383,9700
0.0162402,9710
0.0162595,9720
0.0162882,9730
0.016308,9740
0.0163098,9750
0.0163283,9760
0.0164022,9770
0.0163607,9780
0.016388,9790
0.0164024,9800
0.0164546,9810
0.0164432,9820
0.0164616,9830
0.0164847,9840
0.0164936,9850
0.0165218,9860
0.0165298,9870
0.0165538,9880
0.016568,9890
0.0165867,9900
0.0166023,9910
0.0166196,9920
0.016651,9930
0.0166585,9940
0.0166743,9950
0.0166941,9960
0.0167183,9970
0.0167357,9980
0.0167533,9990
3.24e-07,0
3.033e-06,10
2.843e-06,20
3.418e-06,30
4.405e-06,40
5.403e-06,50
6.463e-06,60
7.476e-06,70
8.49e-06,80
1.0449e-05,90
1.194e-05,100
1.3045e-05,110
1.3988e-05,120
1.5007e-05,130
1.6034e-05,140
1.7109e-05,150
1.8113e-05,160
2.3473e-05,170
2.0105e-05,180
2.2399e-05,190
2.2484e-05,200
2.3169e-05,210
2.414e-05,220
2.5164e-05,230
2.6157e-05,240
2.7172e-05,250
2.8247e-05,260
2.9255e-05,270
3.0283e-05,280
3.1302e-05,290
3.2316e-05,300
3.3326e-05,310
3.4357e-05,320
3.9802e-05,330
3.6401e-05,340
3.7423e-05,350
3.844e-05,360
3.9483e-05,370
4.0498e-05,380
4.1758e-05,390
4.2565e-05,400
4.3552e-05,410
4.4571e-05,420
4.5641e-05,430
4.6613e-05,440
4.767e-05,450
4.8682e-05,460
5.0785e-05,470
5.1123e-05,480
5.1778e-05,490
5.2867e-05,500
5.3812e-05,510
5.483e-05,520
5.5866e-05,530
5.6887e-05,540
5.7901e-05,550
5.8943e-05,560
5.9949e-05,570
6.0973e-05,580
6.2012e-05,590
6.3032e-05,600
6.406e-05,610
6.51e-05,620
6.6124e-05,630
6.8206e-05,640
6.8459e-05,650
6.9176e-05,660
7.0201e-05,670
7.1224e-05,680
7.2246e-05,690
7.327e-05,700
7.4248e-05,710
7.528e-05,720
7.6332e-05,730
7.7334e-05,740
7.8366e-05,750
7.9373e-05,760
8.0409e-05,770
8.2408e-05,780
8.2833e-05,790
8.3525e-05,800
8.4541e-05,810
8.553e-05,820
8.6566e-05,830
8.7612e-05,840
8.8624e-05,850
8.9638e-05,860
9.0644e-05,870
9.2407e-05,880
0.000107145,890
0.000124741,900
0.000142692,910
0.000160959,920
0.000179281,930
0.000197525,940
0.000217033,950
0.000234449,960
0.00025241,970
0.000270746,980
0.000289857,990
0.000307615,1000
0.000325538,1010
0.000344734,1020
0.000362303,1030
0.000380355,1040
0.000399624,1050
0.000417128,1060
0.000436077,1070
0.00045375,1080
0.000472659,1090
0.00049023,1100
0.000509242,1110
0.000526816,1120
0.000545728,1130
0.000563368,1140
0.00058221,1150
0.000599845,1160
0.00061879,1170
0.00063727,1180
0.000654713,1190
0.000673671,1200
0.000692085,1210
0.000709555,1220
0.000728496,1230
0.000746803,1240
0.000765265,1250
0.000782616,1260
0.00080142,1270
0.000820158,1280
0.000838439,1290
0.000856428,1300
0.000875076,1310
0.000892102,1320
0.000911263,1330
0.00092973,1340
0.000948017,1350
0.000965995,1360
0.000984629,1370
0.00100261,1380
0.00102111,1390
0.00103918,1400
0.00105769,1410
0.00107551,1420
0.00109398,1430
0.00111341,1440
0.00113073,1450
0.00114909,1460
0.00116702,1470
0.00118546,1480
0.00120372,1490
0.00122293,1500
0.00124009,1510
0.00125838,1520
0.00127663,1530
0.00129607,1540
0.00131331,1550
0.0013316,1560
0.00135104,1570
0.00136807,1580
0.00138653,1590
0.00140571,1600
0.00142265,1610
0.00144189,1620
0.00145983,1630
0.00149573,1640
0.00149627,1650
0.00151515,1660
0.00153334,1670
0.001552,1680
0.00156908,1690
0.0015882,1700
0.00160647,1710
0.00162405,1720
0.00164315,1730
0.00166054,1740
0.00168148,1750
0.00169841,1760
0.00171676,1770
0.0017338,1780
0.00175307,1790
0.00177251,1800
0.00178949,1810
0.00180718,1820
0.0018269,1830
0.00184419,1840
0.00186325,1850
0.00188126,1860
0.00189898,1870
0.00191699,1880
0.00193524,1890
0.00195357,1900
0.00197262,1910
0.00199018,1920
0.00200817,1930
0.00202678,1940
0.0020449,1950
0.00206401,1960
0.00208191,1970
0.00209975,1980
0.00211824,1990
0.00213641,2000
0.00215543,2010
0.0021725,2020
0.00219233,2030
0.00220968,2040
0.00222787,2050
0.0022456,2060
0.00226513,2070
0.00228274,2080
0.00230092,2090
0.00231889,2100
0.00233922,2110
0.00235583,2120
0.00237479,2130
0.00239164,2140
0.00240985,2150
0.00242935,2160
0.00244717,2170
0.00246606,2180
0.00248334,2190
0.00250318,2200
0.00252016,2210
0.00253922,2220
0.00255658,2230
0.00257554,2240
0.00259325,2250
0.00262793,2260
0.00263122,2270
0.00264781,2280
0.00266677,2290
0.00268534,2300
0.00270295,2310
0.00272169,2320
0.00273986,2330
0.00275838,2340
0.00277568,2350
0.00279458,2360
0.00281382,2370
0.0028328,2380
0.00284974,2390
0.00286826,2400
0.00288527,2410
0.00290466,2420
0.00292288,2430
0.00294051,2440
0.0029592,2450
0.00297769,2460
0.00299621,2470
0.00301512,2480
0.00303403,2490
0.00305168,2500
0.00306904,2510
0.0030873,2520
0.00310655,2530
0.00312347,2540
0.00314223,2550
0.00316097,2560
0.00317878,2570
0.00319725,2580
0.00321598,2590
0.00323369,2600
0.00325158,2610
0.00327092,2620
0.0032889,2630
0.00330563,2640
0.00332584,2650
0.00334406,2660
0.00336086,2670
0.00337927,2680
0.00339996,2690
0.00341625,2700
0.00343574,2710
0.0034534,2720
0.00347085,2730
0.00349011,2740
0.0035082,2750
0.00352686,2760
0.00354479,2770
0.00356264,2780
0.00358213,2790
0.00359858,2800
0.00361804,2810
0.00363787,2820
0.0036539,2830
0.00367293,2840
0.00369056,2850
0.00370845,2860
0.00374585,2870
0.00374637,2880
0.00376453,2890
0.00378055,2900
0.00380088,2910
0.00382,2920
0.00383714,2930
0.003855,2940
0.0038734,2950
0.00389161,2960
0.00391007,2970
0.00392889,2980
0.00394722,2990
0.00396594,3000
0.00398478,3010
0.00400314,3020
0.00402209,3030
0.00403948,3040
0.00405812,3050
0.00407547,3060
0.00409276,3070
0.00411235,3080
0.00412891,3090
0.00414861,3100
0.00416687,3110
0.00418518,3120
0.00420246,3130
0.00422643,3140
0.00423942,3150
0.00425784,3160
0.00427664,3170
0.00429534,3180
0.00431169,3190
0.00433075,3200
0.00434999,3210
0.00436744,3220
0.004386,3230
0.00440551,3240
0.00442158,3250
0.00444202,3260
0.00445904,3270
0.00447878,3280
0.00449552,3290
0.00451445,3300
0.00453175,3310
0.00455071,3320
0.00456917,3330
0.00458702,3340
0.00460401,3350
0.0046241,3360
0.00464194,3370
0.00465958,3380
0.00467857,3390
0.00469772,3400
0.00471439,3410
0.00473512,3420
0.00475114,3430
0.00477017,3440
0.00478842,3450
0.00480699,3460
0.00487849,3470
0.00484283,3480
0.00486163,3490
0.00488375,3500
0.00489909,3510
0.00492126,3520
0.00497072,3530
0.00496742,3540
0.00499223,3550
0.00501214,3560
0.00504794,3570
0.0050677,3580
0.00506822,3590
0.00508663,3600
0.00509347,3610
0.00510854,3620
0.00513809,3630
0.00514427,3640
0.00516087,3650
0.00517935,3660
0.00519291,3670
0.00521003,3680
0.00522814,3690
0.00524672,3700
0.00526701,3710
0.00528306,3720
0.00529973,3730
0.00531938,3740
0.00533724,3750
0.00535554,3760
0.00537436,3770
0.00539226,3780
0.00540992,3790
0.00542799,3800
0.00544644,3810
0.00547065,3820
0.00548846,3830
0.00551619,3840
0.0055185,3850
0.0055375,3860
0.00555758,3870
0.00557346,3880
0.00559255,3890
0.00561025,3900
0.00562991,3910
0.00564755,3920
0.0056657,3930
0.00568608,3940
0.00571548,3950
0.00573381,3960
0.00573768,3970
0.00578139,3980
0.00578536,3990
0.00579779,4000
0.00582357,4010
0.00583751,4020
0.0058565,4030
0.00587069,4040
0.00588771,4050
0.00590962,4060
0.0059234,4070
0.00595221,4080
0.00597355,4090
0.00597481,4100
0.0059958,4110
0.00601683,4120
0.00604098,4130
0.00605563,4140
0.00607919,4150
0.00609878,4160
0.00611732,4170
0.00612724,4180
0.00614288,4190
0.00615882,4200
0.00617809,4210
0.00619749,4220
0.0062142,4230
0.00623346,4240
0.00625109,4250
0.00627165,4260
0.00630356,4270
0.00630799,4280
0.00632478,4290
0.00634167,4300
0.00635931,4310
0.00637867,4320
0.00639713,4330
0.00641637,4340
0.00643532,4350
0.00645149,4360
0.0064696,4370
0.00649006,4380
0.00650703,4390
0.00652448,4400
0.00654563,4410
0.00656093,4420
0.00658124,4430
0.00660163,4440
0.00661561,4450
0.00663515,4460
0.00666657,4470
0.00667138,4480
0.00669108,4490
0.00670905,4500
0.00672679,4510
0.00674576,4520
0.00676249,4530
0.00678167,4540
0.00679985,4550
0.00681885,4560
0.00683631,4570
0.00685502,4580
0.00687272,4590
0.00689225,4600
0.00690917,4610
0.00692822,4620
0.00694795,4630
0.00696361,4640
0.00698209,4650
0.00700088,4660
0.00702022,4670
0.00703896,4680
0.00705634,4690
0.0070748,4700
0.00709109,4710
0.00711243,4720
0.00712977,4730
0.00714731,4740
0.00718274,4750
0.00718941,4760
0.00720536,4770
0.00722204,4780
0.00723784,4790
0.00725551,4800
0.00727631,4810
0.00729324,4820
0.00731094,4830
0.00735333,4840
0.00734807,4850
0.00736605,4860
0.00738376,4870
0.0074045,4880
0.00742298,4890
0.00744064,4900
0.00745791,4910
0.00749327,4920
0.00749414,4930
0.00751229,4940
0.00753206,4950
0.0075688,4960
0.00756928,4970
0.00758529,4980
0.00760582,4990
0.00762184,5000
0.00763982,5010
0.0076585,5020
0.00768,5030
0.00769757,5040
0.00771302,5050
0.00773384,5060
0.00775139,5070
0.0077682,5080
0.00784326,5090
0.00780568,5100
0.00782513,5110
0.00784233,5120
0.00786998,5130
0.0078792,5140
0.00789837,5150
0.00793353,5160
0.00793363,5170
0.00795077,5180
0.00796917,5190
0.00798875,5200
0.00800729,5210
0.0080267,5220
0.00804199,5230
0.00806188,5240
0.00808155,5250
0.00809934,5260
0.00811679,5270
0.0081342,5280
0.00815469,5290
0.00817386,5300
0.0081892,5310
0.00820846,5320
0.00822521,5330
0.00824775,5340
0.0082633,5350
0.00828005,5360
0.00829959,5370
0.0083192,5380
0.00833692,5390
0.00835552,5400
0.00842343,5410
0.00842327,5420
0.00844343,5430
0.00850282,5440
0.00850406,5450
0.00850483,5460
0.00849227,5470
0.0085189,5480
0.00853627,5490
0.00854175,5500
0.00856129,5510
0.00857624,5520
0.00860622,5530
0.00861094,5540
0.00862847,5550
0.00864948,5560
0.00866681,5570
0.00868297,5580
0.00870551,5590
0.00872074,5600
0.00873881,5610
0.00875699,5620
0.00877362,5630
0.00879351,5640
0.0088136,5650
0.00882909,5660
0.00885019,5670
0.00886785,5680
0.00888588,5690
0.00890391,5700
0.00892059,5710
0.00894085,5720
0.00895685,5730
0.00897802,5740
0.00899488,5750
0.00901177,5760
0.00903327,5770
0.0090496,5780
0.00906987,5790
0.00909028,5800
0.00910715,5810
0.00912435,5820
0.00914099,5830
0.00916976,5840
0.00918862,5850
0.00919597,5860
0.00921324,5870
0.00923628,5880
0.0092488,5890
0.00926861,5900
0.00930559,5910
0.00930423,5920
0.00932377,5930
0.00934062,5940
0.00935975,5950
0.00937997,5960
0.00939736,5970
0.00942901,5980
0.00943363,5990
0.00945255,6000
0.00947152,6010
0.00948991,6020
0.00950658,6030
0.00952709,6040
0.00954422,6050
0.00956246,6060
0.00957967,6070
0.00975247,6080
0.00963839,6090
0.00965075,6100
0.00965443,6110
0.00967209,6120
0.00968812,6130
0.00971149,6140
0.00972837,6150
0.00974675,6160
0.00976345,6170
0.00980067,6180
0.00980146,6190
0.00981579,6200
0.00984328,6210
0.00986672,6220
0.00987262,6230
0.0098927,6240
0.00997526,6250
0.00993135,6260
0.00994745,6270
0.00996427,6280
0.00998082,6290
0.0100019,6300
0.0100194,6310
0.0100375,6320
0.0100589,6330
0.0100753,6340
0.0100955,6350
0.0101128,6360
0.0101396,6370
0.0101566,6380
0.010165,6390
0.010186,6400
0.0102032,6410
0.0102205,6420
0.010238,6430
0.0102554,6440
0.0102772,6450
0.0102961,6460
0.0103111,6470
0.0103287,6480
0.0103515,6490
0.0103698,6500
0.010387,6510
0.0104047,6520
0.0104208,6530
0.0104417,6540
0.0104561,6550
0.010479,6560
0.0104932,6570
0.0105146,6580
0.0105308,6590
0.0105516,6600
0.0105671,6610
0.0105832,6620
0.0106033,6630
0.0106236,6640
0.0106439,6650
0.0106582,6660
0.0106773,6670
0.0107139,6680
0.0107117,6690
0.0107331,6700
0.0107773,6710
0.0108193,6720
0.0108455,6730
0.0108666,6740
0.0108645,6750
0.0108841,6760
0.0108826,6770
0.0108994,6780
0.0109116,6790
0.0109437,6800
0.0109338,6810
0.0109504,6820
0.0109723,6830
0.0109894,6840
0.0110086,6850
0.0110258,6860
0.0110564,6870
0.0110627,6880
0.0110804,6890
0.0110995,6900
0.0111169,6910
0.0111371,6920
0.0111524,6930
0.0111754,6940
0.0111873,6950
0.0112132,6960
0.0112478,6970
0.011244,6980
0.0112642,6990
0.0112801,7000
0.0112994,7010
0.0113168,7020
0.0113512,7030
0.0113558,7040
0.0113748,7050
0.011392,7060
0.0114115,7070
0.0114257,7080
0.0114609,7090
0.0114658,7100
0.0114834,7110
0.011504,7120
0.0115206,7130
0.0115534,7140
0.0115569,7150
0.0115779,7160
0.0115917,7170
0.0116177,7180
0.0116329,7190
0.0117179,7200
0.0116745,7210
0.0116854,7220
0.0117055,7230
0.0117178,7240
0.0117424,7250
0.0117575,7260
0.0117755,7270
0.0117912,7280
0.011812,7290
0.0118297,7300
0.0118489,7310
0.0118649,7320
0.011884,7330
0.0119019,7340
0.0119201,7350
0.0119397,7360
0.0119582,7370
0.0119764,7380
0.0119925,7390
0.0120164,7400
0.0120646,7410
0.0120519,7420
0.0120674,7430
0.0120882,7440
0.0121054,7450
0.0121183,7460
0.0121469,7470
0.0121566,7480
0.0121765,7490
0.0121958,7500
0.0122149,7510
0.0122324,7520
0.0122501,7530
0.0122706,7540
0.0122872,7550
0.0123026,7560
0.0123246,7570
0.0123428,7580
0.0123611,7590
0.0123802,7600
0.0123994,7610
0.0124328,7620
0.0124331,7630
0.0124496,7640
0.0124706,7650
0.0124875,7660
0.0125217,7670
0.0125284,7680
0.0125448,7690
0.0125618,7700
0.0125794,7710
0.0126102,7720
0.012622,7730
0.0126333,7740
0.012654,7750
0.012669,7760
0.0126882,7770
0.0127849,7780
0.012783,7790
0.0127839,7800
0.0127874,7810
0.012795,7820
0.01283,7830
0.0128363,7840
0.0128376,7850
0.012854,7860
0.0128722,7870
0.0128883,7880
0.0129111,7890
0.012927,7900
0.0129551,7910
0.0129799,7920
0.0129854,7930
0.0130027,7940
0.0130177,7950
0.0130399,7960
0.0130721,7970
0.0130737,7980
0.0130962,7990
0.0131111,8000
0.0131265,8010
0.0131941,8020
0.0131625,8030
0.0131861,8040
0.0132007,8050
0.0132191,8060
0.0132618,8070
0.0132762,8080
0.0132844,8090
0.013297,8100
0.0133174,8110
0.0133288,8120
0.0133459,8130
0.0133654,8140
0.0133816,8150
0.013405,8160
0.0134246,8170
0.0134411,8180
0.0134599,8190
0.013474,8200
0.0134986,8210
0.0135242,8220
0.0135341,8230
0.0135475,8240
0.0135721,8250
0.0135888,8260
0.013604,8270
0.0136255,8280
0.0136411,8290
0.0136631,8300
0.0136943,8310
0.0136962,8320
0.0137131,8330
0.0137315,8340
0.0137487,8350
0.0137863,8360
0.0137925,8370
0.0138021,8380
0.0138238,8390
0.0138479,8400
0.0138612,8410
0.0138795,8420
0.013896,8430
0.0139159,8440
0.0139507,8450
0.0139471,8460
0.0139672,8470
0.0139896,8480
0.0140051,8490
0.0140233,8500
0.0140318,8510
0.0140574,8520
0.0140737,8530
0.0141105,8540
0.0141138,8550
0.0141337,8560
0.0141532,8570
0.0141989,8580
0.0141904,8590
0.0142091,8600
0.0142223,8610
0.0142409,8620
0.0142625,8630
0.0142814,8640
0.0142987,8650
0.0143132,8660
0.0143521,8670
0.0143544,8680
0.0143742,8690
0.0144145,8700
0.0144548,8710
0.0145043,8720
0.0144913,8730
0.0145058,8740
0.0144975,8750
0.0145627,8760
0.0145196,8770
0.0145393,8780
0.0145524,8790
0.0145733,8800
0.0145916,8810
0.0146097,8820
0.01464,8830
0.0146443,8840
0.0146694,8850
0.0146851,8860
0.0146979,8870
0.0147196,8880
0.0147538,8890
0.0147591,8900
0.0147907,8910
0.0148099,8920
0.0148118,8930
0.0148667,8940
0.0148654,8950
0.0148618,8960
0.0148824,8970
0.0149016,8980
0.0149201,8990
0.0149358,9000
0.0149596,9010
0.0149794,9020
0.0149962,9030
0.0150142,9040
0.0150317,9050
0.0150468,9060
0.015064,9070
0.0150855,9080
0.0151082,9090
0.0151273,9100
0.0151566,9110
0.0151596,9120
0.0151918,9130
0.0152091,9140
0.0152167,9150
0.0152342,9160
0.0152505,9170
0.0152669,9180
0.0153066,9190
0.0153055,9200
0.015323,9210
0.0153395,9220
0.0153792,9230
0.0153783,9240
0.0154075,9250
0.0154136,9260
0.0154374,9270
0.0154498,9280
0.0154639,9290
0.0154904,9300
0.0155025,9310
0.0155379,9320
0.0155376,9330
0.0155639,9340
0.0155826,9350
0.0156223,9360
0.0156165,9370
0.0156499,9380
0.0156542,9390
0.0156715,9400
0.0157001,9410
0.0157056,9420
0.015727,9430
0.0157952,9440
0.0157654,9450
0.0157773,9460
0.0157996,9470
0.0158341,9480
0.0158364,9490
0.0158608,9500
0.0158769,9510
0.0158921,9520
0.0159417,9530
0.0160164,9540
0.015978,9550
0.0159728,9560
0.0159844,9570
0.0160022,9580
0.0160146,9590
0.0160483,9600
0.0160513,9610
0.0160724,9620
0.0160903,9630
0.0161263,9640
0.0161329,9650
0.0161473,9660
0.0161593,9670
0.0161852,9680
0.0162037,9690
0.0162201,9700
0.0162374,9710
0.0162571,9720
0.0162772,9730
0.0162924,9740
0.0163142,9750
0.0163258,9760
0.0163522,9770
0.0163642,9780
0.016387,9790
0.0164147,9800
0.0164237,9810
0.0164401,9820
0.0164552,9830
0.0164723,9840
0.0164934,9850
0.0165126,9860
0.0165354,9870
0.0165713,9880
0.016566,9890
0.0165875,9900
0.0166162,9910
0.0166183,9920
0.016635,9930
0.0166579,9940
0.0166737,9950
0.0166949,9960
0.0167114,9970
0.0167323,9980
0.0167672,9990
2.71e-07,0
3.375e-06,10
2.67e-06,20
3.444e-06,30
4.381e-06,40
5.412e-06,50
6.437e-06,60
7.43e-06,70
8.487e-06,80
1.0188e-05,90
1.1987e-05,100
1.3031e-05,110
1.4001e-05,120
1.501e-05,130
1.61e-05,140
1.711e-05,150
1.8057e-05,160
1.9086e-05,170
2.0086e-05,180
2.1117e-05,190
2.336e-05,200
2.3523e-05,210
2.4158e-05,220
2.5147e-05,230
2.6209e-05,240
2.7766e-05,250
2.9407e-05,260
2.9291e-05,270
3.0267e-05,280
3.132e-05,290
3.2323e-05,300
3.3338e-05,310
3.4385e-05,320
3.5417e-05,330
3.6427e-05,340
3.7427e-05,350
3.8464e-05,360
3.9464e-05,370
4.0508e-05,380
5.0228e-05,390
4.2638e-05,400
4.3632e-05,410
4.4577e-05,420
4.5639e-05,430
4.6596e-05,440
4.7702e-05,450
4.866e-05,460
5.0811e-05,470
5.5566e-05,480
5.1758e-05,490
5.2781e-05,500
5.3805e-05,510
5.4807e-05,520
5.5849e-05,530
5.6852e-05,540
5.7925e-05,550
5.8921e-05,560
5.993e-05,570
6.0978e-05,580
6.1994e-05,590
6.2991e-05,600
6.4046e-05,610
6.5064e-05,620
6.607e-05,630
6.8073e-05,640
6.8504e-05,650
6.9207e-05,660
7.0204e-05,670
7.1233e-05,680
7.2232e-05,690
7.3275e-05,700
7.4245e-05,710
7.5296e-05,720
7.63e-05,730
7.7403e-05,740
7.8376e-05,750
7.9396e-05,760
8.0402e-05,770
8.2435e-05,780
8.278e-05,790
8.3518e-05,800
8.4538e-05,810
8.5525e-05,820
8.653e-05,830
8.7602e-05,840
8.8624e-05,850
8.965e-05,860
9.0666e-05,870
9.2391e-05,880
0.00010712,890
0.000124798,900
0.000142667,910
0.000160921,920
0.000179273,930
0.000197518,940
0.000216708,950
0.000234404,960
0.00025242,970
0.00027072,980
0.000290267,990
0.000307655,1000
0.000325557,1010
0.000344659,1020
0.000362366,1030
0.000380272,1040
0.00039954,1050
0.000417246,1060
0.000436111,1070
0.000453719,1080
0.000472651,1090
0.000490321,1100
0.000509142,1110
0.000526753,1120
0.000545827,1130
0.000563346,1140
0.000582161,1150
0.000599956,1160
0.000618809,1170
0.000637285,1180
0.0006547,1190
0.00067362,1200
0.000702374,1210
0.000713923,1220
0.000728484,1230
0.000746971,1240
0.000767428,1250
0.00079223,1260
0.000811785,1270
0.00082467,1280
0.000838329,1290
0.000856589,1300
0.00087476,1310
0.000892069,1320
0.000911138,1330
0.000929659,1340
0.000947908,1350
0.000966196,1360
0.000984322,1370
0.00100269,1380
0.00102112,1390
0.00103926,1400
0.00105766,1410
0.00107588,1420
0.00109404,1430
0.00111329,1440
0.0011305,1450
0.00114882,1460
0.00116687,1470
0.00119986,1480
0.00120346,1490
0.00122293,1500
0.00124006,1510
0.00125838,1520
0.00127694,1530
0.00129612,1540
0.00131309,1550
0.00133128,1560
0.00135149,1570
0.00136788,1580
0.00138637,1590
0.00140578,1600
0.00142303,1610
0.00144224,1620
0.00145927,1630
0.00147859,1640
0.00149572,1650
0.00151551,1660
0.0015327,1670
0.00155186,1680
0.00156917,1690
0.00158778,1700
0.00160653,1710
0.00162388,1720
0.00164321,1730
0.00166071,1740
0.00167958,1750
0.00169812,1760
0.00171661,1770
0.00173366,1780
0.00175225,1790
0.00177153,1800
0.00178951,1810
0.00180621,1820
0.0018253,1830
0.0018439,1840
0.00186252,1850
0.00188067,1860
0.00189881,1870
0.00191729,1880
0.00198477,1890
0.00195357,1900
0.00197223,1910
0.00199933,1920
0.00200906,1930
0.0020305,1940
0.00205152,1950
0.00206535,1960
0.00208183,1970
0.00210099,1980
0.00211812,1990
0.00213707,2000
0.00215538,2010
0.00217394,2020
0.00219113,2030
0.00220976,2040
0.00222761,2050
0.00224566,2060
0.00226539,2070
0.0022827,2080
0.0023001,2090
0.00232029,2100
0.00233784,2110
0.00235645,2120
0.00237493,2130
0.00239221,2140
0.00241105,2150
0.00243168,2160
0.00244685,2170
0.00246597,2180
0.0024835,2190
0.00250325,2200
0.00252125,2210
0.00253951,2220
0.00255629,2230
0.00257507,2240
0.00259433,2250
0.00261086,2260
0.00263023,2270
0.00264752,2280
0.00266724,2290
0.00268586,2300
0.00270327,2310
0.00272188,2320
0.00273997,2330
0.0027578,2340
0.00277594,2350
0.00279487,2360
0.00281337,2370
0.00283191,2380
0.00285016,2390
0.00286802,2400
0.00288672,2410
0.00290378,2420
0.00292358,2430
0.00294156,2440
0.00295984,2450
0.00297811,2460
0.00299602,2470
0.00301482,2480
0.00303284,2490
0.00305156,2500
0.00306913,2510
0.00308879,2520
0.00311001,2530
0.00312343,2540
0.00314145,2550
0.00316112,2560
0.00317846,2570
0.00319677,2580
0.00321649,2590
0.00323371,2600
0.00325188,2610
0.00326965,2620
0.00331323,2630
0.00330683,2640
0.00332536,2650
0.00334384,2660
0.00336118,2670
0.003379,2680
0.00339918,2690
0.00341627,2700
0.0034356,2710
0.00345268,2720
0.00347254,2730
0.00348818,2740
0.00350845,2750
0.00352521,2760
0.0035448,2770
0.00356199,2780
0.00358208,2790
0.00359862,2800
0.00361832,2810
0.00363599,2820
0.0036549,2830
0.00367379,2840
0.00369099,2850
0.00370823,2860
0.00372738,2870
0.00374673,2880
0.00376488,2890
0.00378147,2900
0.00380101,2910
0.00381985,2920
0.00383858,2930
0.00385523,2940
0.00387379,2950
0.00389108,2960
0.00392185,2970
0.00392944,2980
0.00394755,2990
0.003966,3000
0.00398312,3010
0.00400165,3020
0.00402055,3030
0.00403858,3040
0.00405597,3050
0.00408017,3060
0.00409312,3070
0.00413721,3080
0.00415186,3090
0.00417675,3100
0.0041805,3110
0.004205,3120
0.00424237,3130
0.00425271,3140
0.0042512,3150
0.00426754,3160
0.00429342,3170
0.00430522,3180
0.00432956,3190
0.00433866,3200
0.00435859,3210
0.00437738,3220
0.0043967,3230
0.00440543,3240
0.00443282,3250
0.00444234,3260
0.0044618,3270
0.00447823,3280
0.00449649,3290
0.00451521,3300
0.00453345,3310
0.00455049,3320
0.00456911,3330
0.00458782,3340
0.00460649,3350
0.00462391,3360
0.00464255,3370
0.0046621,3380
0.0046768,3390
0.00469864,3400
0.00471583,3410
0.00474988,3420
0.00475161,3430
0.00476996,3440
0.00478929,3450
0.00480548,3460
0.00482331,3470
0.00484205,3480
0.00486215,3490
0.00487938,3500
0.00489842,3510
0.00491682,3520
0.00493451,3530
0.00495364,3540
0.00498415,3550
0.00499517,3560
0.00500751,3570
0.00502627,3580
0.00504466,3590
0.0050626,3600
0.00508166,3610
0.00509868,3620
0.00511639,3630
0.00513595,3640
0.00515435,3650
0.00517173,3660
0.0051907,3670
0.00520928,3680
0.00522669,3690
0.00525179,3700
0.00526451,3710
0.00528173,3720
0.0053009,3730
0.00531793,3740
0.00533656,3750
0.00535495,3760
0.00537411,3770
0.00539083,3780
0.00541019,3790
0.00542995,3800
0.00544812,3810
0.00546375,3820
0.00548244,3830
0.00550145,3840
0.00551902,3850
0.00553893,3860
0.00555719,3870
0.00557371,3880
0.00559344,3890
0.00561058,3900
0.00563059,3910
0.00564905,3920
0.00566536,3930
0.00568452,3940
0.00570292,3950
0.00572021,3960
0.00573891,3970
0.00575851,3980
0.00577602,3990
0.00579417,4000
0.00581245,4010
0.00583099,4020
0.00586508,4030
0.00586847,4040
0.00588922,4050
0.00590898,4060
0.00593866,4070
0.00594053,4080
0.00595653,4090
0.00597576,4100
0.00599822,4110
0.00601629,4120
0.00603174,4130
0.00605014,4140
0.00606972,4150
0.00608577,4160
0.00610369,4170
0.00612332,4180
0.00614282,4190
0.00615937,4200
0.00617715,4210
0.00619825,4220
0.0062157,4230
0.0062321,4240
0.0062502,4250
0.00627006,4260
0.00629046,4270
0.00630518,4280
0.00632388,4290
0.00634318,4300
0.00636018,4310
0.00637946,4320
0.00639783,4330
0.00646889,4340
0.00643559,4350
0.00645179,4360
0.00647077,4370
0.00648779,4380
0.00650796,4390
0.00652469,4400
0.00654437,4410
0.00656206,4420
0.00658396,4430
0.00659907,4440
0.00661498,4450
0.00663648,4460
0.00665309,4470
0.00667017,4480
0.00669094,4490
0.00670721,4500
0.00672613,4510
0.00674855,4520
0.006775,4530
0.00678728,4540
0.00679815,4550
0.00681669,4560
0.00683587,4570
0.00685247,4580
0.00687322,4590
0.00689109,4600
0.00690936,4610
0.00692826,4620
0.00694577,4630
0.00696451,4640
0.00698169,4650
0.00699932,4660
0.00701995,4670
0.00703724,4680
0.00705698,4690
0.00707384,4700
0.00709207,4710
0.00712433,4720
0.00712923,4730
0.00714688,4740
0.00716406,4750
0.00718189,4760
0.00720126,4770
0.00721894,4780
0.00723906,4790
0.00725845,4800
0.00727574,4810
0.00729206,4820
0.00731131,4830
0.00733267,4840
0.00734603,4850
0.00736723,4860
0.00738555,4870
0.00740246,4880
0.00742292,4890
0.00743993,4900
0.00745816,4910
0.00747781,4920
0.00749379,4930
0.00751339,4940
0.00753116,4950
0.00755048,4960
0.0075672,4970
0.00758828,4980
0.00760558,4990
0.00762173,5000
0.00764201,5010
0.00765812,5020
0.00767898,5030
0.00772339,5040
0.00772457,5050
0.00773487,5060
0.00775089,5070
0.00777123,5080
0.00778719,5090
0.00780592,5100
0.00782246,5110
0.00784361,5120
0.0078645,5130
0.00787867,5140
0.00791493,5150
0.00795563,5160
0.00795169,5170
0.00797418,5180
0.0080092,5190
0.00802239,5200
0.0080353,5210
0.00804686,5220
0.00808202,5230
0.00807821,5240
0.00809195,5250
0.00810236,5260
0.00812174,5270
0.00813948,5280
0.00815284,5290
0.00818454,5300
0.00818989,5310
0.00820769,5320
0.00822799,5330
0.00824635,5340
0.00826739,5350
0.00828346,5360
0.00830191,5370
0.00833037,5380
0.00833409,5390
0.00835462,5400
0.00837353,5410
0.00838963,5420
0.00840963,5430
0.00842725,5440
0.00844696,5450
0.0084806,5460
0.00848297,5470
0.00849843,5480
0.00852161,5490
0.00853961,5500
0.00855785,5510
0.00857345,5520
0.00860683,5530
0.00861168,5540
0.00864597,5550
0.00864863,5560
0.00866561,5570
0.00868326,5580
0.00870077,5590
0.00872088,5600
0.00873979,5610
0.00875777,5620
0.00877362,5630
0.00879747,5640
0.00881298,5650
0.00882654,5660
0.00884769,5670
0.00891692,5680
0.00888328,5690
0.00890148,5700
0.00891998,5710
0.00894381,5720
0.00895881,5730
0.00897673,5740
0.00901034,5750
0.00901491,5760
0.00903309,5770
0.00905688,5780
0.009068,5790
0.00908885,5800
0.00910349,5810
0.00914247,5820
0.00914014,5830
0.0091602,5840
0.00917704,5850
0.00919544,5860
0.00921307,5870
0.00923181,5880
0.00924946,5890
0.00927155,5900
0.00928718,5910
0.00930483,5920
0.00932549,5930
0.00934035,5940
0.0093588,5950
0.00939214,5960
0.00941088,5970
0.00941644,5980
0.00943475,5990
0.00944991,6000
0.00947468,6010
0.00948814,6020
0.00950683,6030
0.00952608,6040
0.00954472,6050
0.00956333,6060
0.00959054,6070
0.00959878,6080
0.00961443,6090
0.00965147,6100
0.00965218,6110
0.00967539,6120
0.00969359,6130
0.00970558,6140
0.009727,6150
0.00975953,6160
0.00976532,6170
0.00978278,6180
0.00980014,6190
0.00981674,6200
0.00983675,6210
0.00985333,6220
0.00989317,6230
0.00989138,6240
0.0099085,6250
0.0099296,6260
0.00994449,6270
0.00996635,6280
0.00998077,6290
0.01,6300
0.0100207,6310
0.0100374,6320
0.0100558,6330
0.0100723,6340
0.0100929,6350
0.0101096,6360
0.0101284,6370
0.0101448,6380
0.0101658,6390
0.0101831,6400
0.0102008,6410
0.0102219,6420
0.010238,6430
0.0102597,6440
0.0102745,6450
0.0102944,6460
0.010313,6470
0.0103443,6480
0.0103473,6490
0.010369,6500
0.0103845,6510
0.0104405,6520
0.0104547,6530
0.0105274,6540
0.0104983,6550
0.0105146,6560
0.0105056,6570
0.0105217,6580
0.0105522,6590
0.0105621,6600
0.0105711,6610
0.0105885,6620
0.010603,6630
0.0106254,6640
0.0106442,6650
0.0106739,6660
0.0106774,6670
0.0107403,6680
0.0107191,6690
0.010736,6700
0.0107496,6710
0.0108181,6720
0.0107877,6730
0.0108057,6740
0.0108265,6750
0.0108415,6760
0.0108614,6770
0.0108926,6780
0.010897,6790
0.0109145,6800
0.0109334,6810
0.0109525,6820
0.010975,6830
0.011015,6840
0.0110059,6850
0.0110266,6860
0.0110435,6870
0.0110647,6880
0.0110798,6890
0.011096,6900
0.0111136,6910
0.0111342,6920
0.0111514,6930
0.0111668,6940
0.0111913,6950
0.0112306,6960
0.011227,6970
0.0112553,6980
0.0112623,6990
0.0112825,7000
0.011299,7010
0.011317,7020
0.0113383,7030
0.0113538,7040
0.0113719,7050
0.0113902,7060
0.011409,7070
0.0114274,7080
0.0114454,7090
0.0114677,7100
0.0114805,7110
0.0115005,7120
0.0115195,7130
0.0115385,7140
0.0115538,7150
0.0115708,7160
0.0115898,7170
0.0116121,7180
0.0116349,7190
0.0116485,7200
0.0116668,7210
0.011681,7220
0.0117188,7230
0.011725,7240
0.0117329,7250
0.011756,7260
0.011777,7270
0.0117946,7280
0.0118292,7290
0.0118309,7300
0.0118487,7310
0.0118671,7320
0.0118812,7330
0.0119172,7340
0.0119201,7350
0.0119366,7360
0.0119573,7370
0.0119755,7380
0.0119959,7390
0.0120322,7400
0.0120333,7410
0.0120477,7420
0.0120682,7430
0.012093,7440
0.0121055,7450
0.012152,7460
0.0121418,7470
0.0121576,7480
0.0121769,7490
0.012195,7500
0.0122463,7510
0.0122322,7520
0.0122512,7530
0.0122681,7540
0.0122867,7550
0.0123049,7560
0.012321,7570
0.0123422,7580
0.0123614,7590
0.0123773,7600
0.0124389,7610
0.0124719,7620
0.0124988,7630
0.0125196,7640
0.0125325,7650
0.012526,7660
0.0125152,7670
0.0125407,7680
0.0125478,7690
0.0125598,7700
0.0125838,7710
0.0125961,7720
0.0126159,7730
0.0126383,7740
0.012652,7750
0.0126756,7760
0.0126876,7770
0.0127077,7780
0.0127281,7790
0.0127466,7800
0.0127792,7810
0.0127793,7820
0.0127979,7830
0.0128163,7840
0.0128341,7850
0.0128664,7860
0.0128735,7870
0.0128891,7880
0.0129097,7890
0.0129263,7900
0.0129526,7910
0.0129651,7920
0.0129824,7930
0.0130021,7940
0.0130504,7950
0.0130601,7960
0.0130628,7970
0.0130735,7980
0.0130966,7990
0.013109,8000
0.0131507,8010
0.0131454,8020
0.0131659,8030
0.0131836,8040
0.0132005,8050
0.0132207,8060
0.013239,8070
0.0132565,8080
0.0132754,8090
0.0132925,8100
0.0133106,8110
0.0133284,8120
0.013347,8130
0.0133651,8140
0.0134,8150
0.013402,8160
0.0134226,8170
0.0134441,8180
0.0134632,8190
0.0134912,8200
0.0134926,8210
0.0135167,8220
0.0135298,8230
0.0135512,8240
0.0135816,8250
0.0136016,8260
0.0136152,8270
0.0136211,8280
0.0136569,8290
0.0136598,8300
0.0136758,8310
0.0136957,8320
0.0137138,8330
0.0137303,8340
0.0137502,8350
0.0137714,8360
0.013787,8370
0.0138097,8380
0.013877,8390
0.0138362,8400
0.0138599,8410
0.0138761,8420
0.0138948,8430
0.013912,8440
0.013931,8450
0.0139487,8460
0.0139712,8470
0.0139857,8480
0.0140071,8490
0.0140251,8500
0.0140416,8510
0.0140681,8520
0.0140827,8530
0.0140992,8540
0.0141124,8550
0.0141792,8560
0.0142465,8570
0.0142257,8580
0.0142392,8590
0.0142317,8600
0.0142435,8610
0.0142594,8620
0.0142597,8630
0.0142768,8640
0.0143032,8650
0.0143141,8660
0.0143338,8670
0.0143529,8680
0.014374,8690
0.0143946,8700
0.01441,8710
0.0144272,8720
0.0144468,8730
0.014467,8740
0.0144884,8750
0.0144995,8760
0.0145153,8770
0.0145395,8780
0.0145758,8790
0.0145737,8800
0.0145936,8810
0.0146094,8820
0.0146279,8830
0.014645,8840
0.0146647,8850
0.0146838,8860
0.0147176,8870
0.014721,8880
0.0147415,8890
0.0147544,8900
0.0147729,8910
0.0148223,8920
0.0148146,8930
0.0148271,8940
0.0148486,8950
0.0148664,8960
0.0148856,8970
0.0148996,8980
0.0149204,8990
0.0149391,9000
0.0149738,9010
0.0149812,9020
0.0150235,9030
0.0150201,9040
0.0150265,9050
0.0150489,9060
0.0150636,9070
0.0150852,9080
0.0151557,9090
0.0151188,9100
0.0151352,9110
0.0151632,9120
0.0151751,9130
0.0152058,9140
0.0152061,9150
0.0152312,9160
0.0152534,9170
0.0152659,9180
0.0152876,9190
0.0153032,9200
0.0153247,9210
0.0153407,9220
0.0153581,9230
0.0153771,9240
0.0153964,9250
0.0154177,9260
0.0154329,9270
0.0154531,9280
0.0154714,9290
0.0155049,9300
0.0155025,9310
0.0155237,9320
0.0155432,9330
0.015558,9340
0.0155781,9350
0.0155991,9360
0.0156152,9370
0.0156331,9380
0.0156677,9390
0.0157462,9400
0.0157396,9410
0.0157557,9420
0.0157619,9430
0.0157541,9440
0.0157689,9450
0.0157791,9460
0.0157924,9470
0.0158309,9480
0.0158326,9490
0.015861,9500
0.0158805,9510
0.01589,9520
0.01591,9530
0.015927,9540
0.0159812,9550
0.0159634,9560
0.0159863,9570
0.0159965,9580
0.0160432,9590
0.0160375,9600
0.0160552,9610
0.0160738,9620
0.0161079,9630
0.0161189,9640
0.0161269,9650
0.0161469,9660
0.0161802,9670
0.0161846,9680
0.0161992,9690
0.016221,9700
0.0162413,9710
0.0162686,9720
0.0162768,9730
0.0162903,9740
0.0163614,9750
0.0163298,9760
0.0163464,9770
0.0163633,9780
0.016387,9790
0.0164008,9800
0.0164205,9810
0.016457,9820
0.0164565,9830
0.0164759,9840
0.0164933,9850
0.0165065,9860
0.0165317,9870
0.0165492,9880
0.0165668,9890
0.0166055,9900
0.0166018,9910
0.0166165,9920
0.01664,9930
0.0166597,9940
0.0166796,9950
0.016698,9960
0.0167081,9970
0.01676,9980
0.0167725,9990
